Bathing,4/1/2003,20:41:35,21:32:50
100,68,81,101,93,137,93,58,57,67,93,58,68,88,57,67,100,68,67,76
Toilet Flush,Sink faucet - hot,Closet,Light switch,Shower faucet,Freezer,Shower faucet,Medicine cabinet,Medicine cabinet,Cabinet,Shower faucet,Medicine cabinet,Sink faucet - hot,Sink faucet - cold,Medicine cabinet,Cabinet,Toilet Flush,Sink faucet - hot,Cabinet,Lamp
20:51:52,20:51:58,20:53:36,20:53:49,20:53:52,20:58:22,20:58:43,21:5:23,21:5:46,21:5:47,21:18:34,21:18:55,21:19:41,21:20:4,21:20:38,21:20:39,21:21:13,21:21:16,21:21:37,21:22:8
21:5:20,20:52:5,20:53:43,21:21:43,20:58:42,20:58:32,21:6:9,21:5:45,21:18:55,21:5:49,21:18:35,21:20:37,21:20:5,21:20:34,21:21:41,21:20:42,23:10:23,21:21:23,21:21:38,23:11:8
Toileting,4/1/2003,17:30:36,17:46:41
100,68
Toilet Flush,Sink faucet - hot
17:39:37,17:39:46
18:10:57,17:39:52
Toileting,4/1/2003,18:4:43,18:18:2
68,107
Sink faucet - hot,Light switch
18:11:2,18:12:28
18:11:13,21:21:53
Toileting,4/1/2003,11:52:1,11:58:50
100,137
Toilet Flush,Freezer
11:55:43,11:56:2
16:35:49,11:56:13
Going out to work,4/1/2003,12:11:26,12:15:12
81,139,140
Closet,Jewelry box,Door
12:12:29,12:13:27,12:13:45
12:13:0,12:13:35,12:13:48
Preparing lunch,4/1/2003,11:21:17,11:38:22
140,137,131,53,84,131
Door,Freezer,Toaster,Cabinet,Drawer,Toaster
11:23:4,11:23:55,11:24:8,11:34:59,11:35:4,11:35:12
11:23:7,11:24:3,11:24:14,11:35:1,11:35:7,11:35:22
Preparing dinner,4/1/2003,16:43:58,17:7:57
140,92,57,137,53,55,143,137,143,84,120,72,73,137,91,80,91,76
Door,Light switch,Medicine cabinet,Freezer,Cabinet,Cabinet,Microwave,Freezer,Microwave,Drawer,Light switch,Cabinet,Cabinet,Freezer,Refrigerator,Cabinet,Refrigerator,Lamp
16:44:27,16:44:48,16:45:49,16:46:10,16:48:13,16:48:14,16:48:34,16:48:51,16:54:7,16:54:40,17:1:36,17:4:27,17:4:29,17:4:42,17:4:48,17:4:59,17:5:15,17:5:59
16:44:31,21:22:41,21:5:21,16:47:55,16:48:15,16:48:18,16:48:36,16:48:56,16:54:32,16:54:42,21:21:50,17:4:41,17:4:36,17:4:47,17:4:56,17:5:8,17:5:18,21:22:7
Preparing breakfast,4/1/2003,6:36:18,6:40:38
75,53,55,84,73,145,60,60,137,91
Drawer,Cabinet,Cabinet,Drawer,Cabinet,Cereal,Containers,Containers,Freezer,Refrigerator
6:35:42,6:36:51,6:36:59,6:37:2,6:37:10,6:37:18,6:38:14,6:38:59,6:39:5,6:39:11
6:35:56,6:36:59,6:37:1,6:37:5,6:38:4,6:37:59,6:38:48,6:39:0,6:39:10,6:39:29
Dressing,4/1/2003,6:32:57,6:36:5
96,75,75,75,53,55,84
Exhaust Fan,Drawer,Drawer,Drawer,Cabinet,Cabinet,Drawer
6:32:15,6:33:48,6:34:10,6:35:42,6:36:51,6:36:59,6:37:2
6:58:0,6:33:56,6:34:14,6:35:56,6:36:59,6:37:1,6:37:5
Toileting,4/1/2003,6:7:15,6:15:58
67,58,57,81,100,101
Cabinet,Medicine cabinet,Medicine cabinet,Closet,Toilet Flush,Light switch
6:7:52,6:9:47,6:9:48,6:13:26,6:14:36,6:14:40
6:7:55,6:9:48,6:53:28,6:13:34,6:57:39,6:57:58
Going out to work,4/1/2003,7:0:55,7:2:30
73,140,140
Cabinet,Door,Door
7:0:47,7:1:18,7:1:48
7:0:49,7:1:23,7:1:51
Grooming,4/1/2003,6:52:34,6:58:35
58,68,88,68,57,58,57,88,68
Medicine cabinet,Sink faucet - hot,Sink faucet - cold,Sink faucet - hot,Medicine cabinet,Medicine cabinet,Medicine cabinet,Sink faucet - cold,Sink faucet - hot
6:53:29,6:53:35,6:54:56,6:54:57,6:55:36,6:56:12,6:57:14,6:57:45,6:57:47
6:55:35,6:53:36,6:55:32,6:55:33,6:56:11,6:57:13,16:45:48,6:57:54,6:57:56
Toileting,4/1/2003,23:9:34,23:10:40
88,68,84,72
Sink faucet - cold,Sink faucet - hot,Drawer,Cabinet
23:10:26,23:10:28,23:10:44,23:10:53
23:10:31,23:10:33,23:10:47,23:11:8
Preparing a snack,4/1/2003,23:10:42,23:11:21
88,68,84,72
Sink faucet - cold,Sink faucet - hot,Drawer,Cabinet
23:10:26,23:10:28,23:10:44,23:10:53
23:10:31,23:10:33,23:10:47,23:11:8
Preparing a snack,4/2/2003,16:54:33,17:1:38
73,72,137
Cabinet,Cabinet,Freezer
16:56:40,16:56:43,17:0:27
16:57:6,16:57:3,17:0:47
Preparing a snack,4/2/2003,17:6:21,17:12:1
81,73,72,137,91,137
Closet,Cabinet,Cabinet,Freezer,Refrigerator,Freezer
17:6:17,17:8:22,17:8:25,17:9:1,17:9:11,17:9:28
17:6:31,17:8:57,17:8:56,17:9:10,17:9:29,17:38:36
Preparing a snack,4/2/2003,17:27:14,17:33:23
72,73,55,84,72,72
Cabinet,Cabinet,Cabinet,Drawer,Cabinet,Cabinet
17:29:33,17:29:35,17:30:22,17:30:26,17:31:0,17:32:48
17:30:13,17:30:10,17:30:24,17:30:30,17:31:5,17:32:51
Preparing a beverage,4/2/2003,17:36:41,17:40:20
80,91,139
Cabinet,Refrigerator,Jewelry box
17:38:15,17:38:22,17:39:19
17:38:17,17:38:36,17:39:31
Dressing,4/2/2003,7:15:20,7:16:32
75,146
Drawer,Drawer
7:15:52,7:16:8
7:16:7,7:16:19
Toileting,4/2/2003,7:13:1,7:14:24
67,100,68,57
Cabinet,Toilet Flush,Sink faucet - hot,Medicine cabinet
7:13:12,7:13:48,7:13:53,7:13:56
7:13:15,11:25:3,7:14:15,7:37:49
Preparing breakfast,4/2/2003,7:21:12,8:10:40
61,98,59,66,54,54,57,96,57,81,58,62,75,55,84,73,145,137,55,91,137
Cabinet,Garbage disposal,Cabinet,Cabinet,Door,Door,Medicine cabinet,Exhaust Fan,Medicine cabinet,Closet,Medicine cabinet,Drawer,Drawer,Cabinet,Drawer,Cabinet,Cereal,Freezer,Cabinet,Refrigerator,Freezer
7:22:32,7:22:54,7:22:57,7:22:57,7:23:22,7:30:21,7:39:3,7:39:47,7:39:49,7:58:5,7:58:58,8:3:1,8:3:25,8:5:43,8:5:46,8:5:53,8:5:58,8:6:14,8:6:38,8:6:44,8:6:58
7:22:48,7:23:12,7:23:5,7:23:7,7:23:25,7:30:24,7:39:48,8:24:53,8:18:45,7:58:13,7:59:20,8:3:5,8:3:28,8:5:45,8:5:49,8:6:13,8:6:9,8:6:35,8:6:40,8:7:1,11:22:19
Grooming,4/2/2003,8:18:4,8:25:11
84,55,101,88,68,58,57,68,58,67,68,57,75
Drawer,Cabinet,Light switch,Sink faucet - cold,Sink faucet - hot,Medicine cabinet,Medicine cabinet,Sink faucet - hot,Medicine cabinet,Cabinet,Sink faucet - hot,Medicine cabinet,Drawer
8:18:2,8:18:16,8:18:43,8:19:25,8:19:27,8:19:46,8:21:6,8:21:53,8:22:34,8:23:17,8:23:56,8:24:49,8:26:2
8:18:15,8:18:26,8:24:50,8:21:3,8:21:4,8:21:6,8:22:33,8:21:57,8:24:49,8:23:32,8:24:9,16:45:8,8:26:11
Going out to work,4/2/2003,8:27:57,8:30:58
140
Door
8:28:33
8:28:37
Dressing,4/2/2003,8:25:31,8:26:46
57,75,139
Medicine cabinet,Drawer,Jewelry box
8:24:49,8:26:2,8:26:14
16:45:8,8:26:11,8:26:21
Washing dishes,4/2/2003,11:38:13,11:55:38
84,137,92,82,82,70,70,70,70,70,70,70,70,70,70,70,70,70,70,84,52,52,70,52,70,52,52,52,52,52,60,60,60,60,60,60,60,60,60,60,60,60
Drawer,Freezer,Light switch,Drawer,Drawer,Dishwasher,Dishwasher,Dishwasher,Dishwasher,Dishwasher,Dishwasher,Dishwasher,Dishwasher,Dishwasher,Dishwasher,Dishwasher,Dishwasher,Dishwasher,Dishwasher,Drawer,Drawer,Drawer,Dishwasher,Drawer,Dishwasher,Drawer,Drawer,Drawer,Drawer,Drawer,Containers,Containers,Containers,Containers,Containers,Containers,Containers,Containers,Containers,Containers,Containers,Containers
11:37:28,11:37:58,11:38:25,11:38:42,11:38:45,11:39:28,11:39:36,11:39:38,11:39:41,11:39:43,11:39:56,11:40:5,11:40:8,11:40:12,11:40:16,11:40:18,11:40:19,11:40:21,11:40:24,11:41:18,11:43:28,11:45:27,11:45:30,11:46:25,11:48:10,11:48:13,11:49:1,11:51:2,11:51:10,11:51:19,11:53:33,11:53:48,11:53:55,11:54:3,11:54:25,11:54:27,11:54:39,11:54:42,11:56:20,11:56:23,11:56:27,11:56:31
11:37:52,11:38:1,12:13:27,11:38:44,11:59:35,11:39:35,11:39:37,11:39:40,11:39:42,11:39:44,11:40:3,11:40:6,11:40:10,11:40:15,11:40:17,11:40:19,11:40:20,11:40:23,11:40:25,11:41:25,11:43:35,11:46:8,11:45:34,11:48:0,11:49:14,11:49:1,11:51:1,11:51:5,11:51:18,11:51:20,11:53:47,11:53:54,11:53:59,11:54:21,11:54:26,11:54:33,11:54:40,11:54:43,11:56:21,11:56:25,11:56:30,11:56:32
Dressing,4/2/2003,11:59:11,12:9:13
82,66,70,137,137,82,82,82,82,82,82,82,82,82,140
Drawer,Cabinet,Dishwasher,Freezer,Freezer,Drawer,Drawer,Drawer,Drawer,Drawer,Drawer,Drawer,Drawer,Drawer,Door
12:0:23,12:1:25,12:1:37,12:1:51,12:2:30,12:5:44,12:5:48,12:5:51,12:5:54,12:6:33,12:6:36,12:6:46,12:6:52,12:6:54,12:9:5
12:0:33,12:1:48,16:52:56,12:2:1,12:2:40,12:5:46,12:5:49,12:5:53,12:5:56,12:6:34,12:6:38,12:6:51,12:6:53,12:6:56,12:9:11
Toileting,4/2/2003,12:11:45,12:12:34
100,68,139
Toilet Flush,Sink faucet - hot,Jewelry box
12:12:4,12:12:16,12:12:58
16:44:37,12:12:20,12:13:11
Going out to work,4/2/2003,12:13:16,12:14:32
139,140
Jewelry box,Door
12:12:58,12:13:49
12:13:11,12:13:52
Preparing lunch,4/2/2003,11:29:57,11:38:1
143,84,143,143,143,59,66,143,140,84,55,80,84,137,92,82,82
Microwave,Drawer,Microwave,Microwave,Microwave,Cabinet,Cabinet,Microwave,Door,Drawer,Cabinet,Cabinet,Drawer,Freezer,Light switch,Drawer,Drawer
11:31:51,11:32:36,11:32:55,11:34:1,11:34:33,11:35:17,11:35:25,11:35:49,11:36:28,11:36:48,11:36:50,11:37:4,11:37:28,11:37:58,11:38:25,11:38:42,11:38:45
11:32:13,11:32:38,11:32:57,11:34:6,11:34:37,11:35:19,11:35:27,11:35:54,11:36:43,11:36:49,11:36:59,11:37:6,11:37:52,11:38:1,12:13:27,11:38:44,11:59:35
Toileting,4/2/2003,11:24:57,11:25:34
143,68
Microwave,Sink faucet - hot
11:24:22,11:25:6
11:24:35,11:25:19
Preparing breakfast,4/2/2003,11:22:6,11:24:41
140,53,72,137,143,68
Door,Cabinet,Cabinet,Freezer,Microwave,Sink faucet - hot
11:21:32,11:22:13,11:23:27,11:23:31,11:24:22,11:25:6
11:21:35,11:22:15,11:23:31,11:23:38,11:24:35,11:25:19
Preparing a snack,4/2/2003,16:45:53,16:46:59
58,57,73,72,84
Medicine cabinet,Medicine cabinet,Cabinet,Cabinet,Drawer
16:45:9,16:45:43,16:45:57,16:46:0,16:46:10
16:45:42,20:51:52,16:46:4,16:46:27,16:46:14
Toileting,4/2/2003,16:44:14,16:45:44
88,68,58,57,73,72,84
Sink faucet - cold,Sink faucet - hot,Medicine cabinet,Medicine cabinet,Cabinet,Cabinet,Drawer
16:44:51,16:44:53,16:45:9,16:45:43,16:45:57,16:46:0,16:46:10
16:45:1,16:45:2,16:45:42,20:51:52,16:46:4,16:46:27,16:46:14
Preparing dinner,4/2/2003,20:43:15,20:50:31
72,73,72,105,83,93,120,80,81,91,137,84,91,101,93
Cabinet,Cabinet,Cabinet,Light switch,Cabinet,Shower faucet,Light switch,Cabinet,Closet,Refrigerator,Freezer,Drawer,Refrigerator,Light switch,Shower faucet
20:45:4,20:45:5,20:45:35,20:46:0,20:46:0,20:46:31,20:46:38,20:46:42,20:48:33,20:48:48,20:49:4,20:49:7,20:49:44,20:50:23,20:50:27
20:45:21,20:45:19,20:45:38,21:23:8,20:46:21,20:46:32,21:29:23,20:47:6,20:48:41,20:49:4,20:49:48,20:49:9,20:49:49,21:5:51,20:56:21
Bathing,4/2/2003,20:54:49,21:8:25
93,93,67,57
Shower faucet,Shower faucet,Cabinet,Medicine cabinet
20:56:21,21:4:48,21:5:21,21:5:44
20:58:42,21:4:49,21:5:22,21:25:33
Grooming,4/2/2003,21:38:51,21:52:10
81,104,120,96,58,88,88,68,88,88,97
Closet,Light switch,Light switch,Exhaust Fan,Medicine cabinet,Sink faucet - cold,Sink faucet - cold,Sink faucet - hot,Sink faucet - cold,Sink faucet - cold,Light switch
21:43:33,21:43:43,21:44:14,21:45:7,21:45:11,21:45:14,21:46:16,21:46:36,21:46:53,21:48:42,21:49:4
21:43:40,22:9:11,21:45:1,21:48:54,21:46:26,21:45:15,21:46:34,21:47:15,21:47:14,21:48:45,21:49:6
Toileting,4/2/2003,21:24:10,21:29:42
143,84,140,58,68,88,57,91,67
Microwave,Drawer,Door,Medicine cabinet,Sink faucet - hot,Sink faucet - cold,Medicine cabinet,Refrigerator,Cabinet
21:23:47,21:24:30,21:24:59,21:25:34,21:25:39,21:26:44,21:27:24,21:28:12,21:28:17
21:24:24,21:24:35,21:25:5,21:27:24,21:26:46,21:27:21,21:45:12,21:28:37,21:28:22
Bathing,4/3/2003,8:43:25,8:52:19
67,82,62,81,100,93,67,57,140,93
Cabinet,Drawer,Drawer,Closet,Toilet Flush,Shower faucet,Cabinet,Medicine cabinet,Door,Shower faucet
8:45:2,8:45:48,8:46:9,8:46:58,8:47:33,8:47:39,8:47:49,8:47:56,8:50:9,8:50:9
8:45:10,9:6:3,8:46:11,8:47:15,9:26:8,8:49:58,8:47:51,9:12:42,8:50:12,9:5:14
Dressing,4/3/2003,9:5:2,9:12:39
93,62,92,62,141,90,67,75,141,90,141,90,75,57,96,55,84,73,145
Shower faucet,Drawer,Light switch,Drawer,Door,Laundry Dryer,Cabinet,Drawer,Door,Laundry Dryer,Door,Laundry Dryer,Drawer,Medicine cabinet,Exhaust Fan,Cabinet,Drawer,Cabinet,Cereal
9:5:14,9:5:51,9:5:57,9:6:10,9:6:30,9:6:31,9:7:53,9:8:43,9:8:57,9:8:58,9:11:54,9:11:55,9:12:19,9:13:6,9:13:12,9:13:18,9:13:21,9:13:31,9:13:35
20:12:23,9:5:54,9:30:26,9:6:19,9:6:42,9:6:39,9:7:54,9:8:48,9:9:13,9:9:10,9:12:2,9:11:59,9:12:31,9:26:56,9:29:31,9:13:20,9:13:25,9:13:51,9:13:47
Preparing breakfast,4/3/2003,9:13:8,9:15:7
75,57,96,55,84,73,145,60,60,60,137,91
Drawer,Medicine cabinet,Exhaust Fan,Cabinet,Drawer,Cabinet,Cereal,Containers,Containers,Containers,Freezer,Refrigerator
9:12:19,9:13:6,9:13:12,9:13:18,9:13:21,9:13:31,9:13:35,9:14:1,9:14:10,9:14:18,9:14:25,9:14:25
9:12:31,9:26:56,9:29:31,9:13:20,9:13:25,9:13:51,9:13:47,9:14:10,9:14:17,9:14:19,9:14:45,9:14:45
Toileting,4/3/2003,7:59:41,8:13:50
100,88,68
Toilet Flush,Sink faucet - cold,Sink faucet - hot
8:5:17,8:5:20,8:5:27
8:5:19,8:6:33,8:6:35
Grooming,4/3/2003,7:2:6,7:22:33
67,88,68,80
Cabinet,Sink faucet - cold,Sink faucet - hot,Cabinet
7:8:48,7:10:25,7:10:27,7:10:49
7:8:51,7:10:32,7:10:34,7:10:53
Going out to work,4/3/2003,9:30:34,9:34:49
139,140
Jewelry box,Door
9:29:39,9:31:17
9:29:49,9:31:21
Grooming,4/3/2003,9:25:9,9:29:48
88,68,58,68,57,101,139
Sink faucet - cold,Sink faucet - hot,Medicine cabinet,Sink faucet - hot,Medicine cabinet,Light switch,Jewelry box
9:26:42,9:26:44,9:26:57,9:27:13,9:28:10,9:28:30,9:29:39
9:26:49,9:26:50,9:28:10,9:27:33,13:58:3,9:29:29,9:29:49
Preparing lunch,4/3/2003,13:15:28,13:45:40
140,73,143,137,55,143,84,143,84,137,91,137,80,91
Door,Cabinet,Microwave,Freezer,Cabinet,Microwave,Drawer,Microwave,Drawer,Freezer,Refrigerator,Freezer,Cabinet,Refrigerator
13:16:32,13:17:13,13:19:25,13:21:56,13:22:18,13:22:49,13:23:55,13:38:53,13:39:5,13:42:3,13:42:8,13:42:16,13:42:19,13:42:37
13:16:34,13:17:36,13:19:29,13:22:11,13:22:20,13:23:1,13:23:59,13:39:1,13:39:9,13:42:8,13:42:16,19:2:8,13:42:29,13:42:40
Going out to work,4/3/2003,14:2:39,14:5:37
140
Door
14:3:32
14:3:35
Grooming,4/3/2003,13:56:22,14:0:6
67,100,68,58,57,73,72,139
Cabinet,Toilet Flush,Sink faucet - hot,Medicine cabinet,Medicine cabinet,Cabinet,Cabinet,Jewelry box
13:56:58,13:57:31,13:57:48,13:58:3,13:58:21,13:59:18,13:59:21,14:0:28
13:57:8,17:47:37,13:57:58,13:58:21,20:19:31,13:59:30,13:59:32,14:0:29
Preparing a snack,4/3/2003,17:49:4,17:52:9
73,72,84
Cabinet,Cabinet,Drawer
17:50:35,17:50:38,17:50:44
17:50:39,17:51:0,17:50:52
Toileting,4/3/2003,17:44:5,17:48:32
88,68
Sink faucet - cold,Sink faucet - hot
17:47:49,17:47:51
17:47:55,17:47:56
Preparing dinner,4/3/2003,18:57:32,20:1:30
137,91,91,137,91,137,143,143,131,91,137,131,84,131,55,84,131,91,91,137,73,131,131,80,91
Freezer,Refrigerator,Refrigerator,Freezer,Refrigerator,Freezer,Microwave,Microwave,Toaster,Refrigerator,Freezer,Toaster,Drawer,Toaster,Cabinet,Drawer,Toaster,Refrigerator,Refrigerator,Freezer,Cabinet,Toaster,Toaster,Cabinet,Refrigerator
19:2:18,19:2:20,19:2:59,19:3:3,19:3:16,19:3:19,19:3:26,19:10:27,19:11:12,19:11:19,19:11:21,19:25:35,19:25:40,19:31:38,19:35:57,19:36:3,19:36:12,19:45:35,19:46:16,19:46:19,19:46:40,19:46:50,19:50:43,19:56:55,19:57:14
19:2:26,19:2:26,19:3:4,19:3:11,19:3:19,19:3:24,19:3:28,19:10:38,19:11:13,19:11:22,19:45:39,19:26:12,19:25:43,19:31:42,19:36:2,19:36:6,19:36:22,19:45:40,19:46:19,19:57:47,19:46:49,19:46:55,19:50:53,19:56:58,19:57:48
Grooming,4/3/2003,20:45:9,20:50:14
58,68,88,67
Medicine cabinet,Sink faucet - hot,Sink faucet - cold,Cabinet
20:48:13,20:48:18,20:48:39,20:49:37
20:49:35,20:48:41,20:49:16,20:49:40
Doing laundry,4/3/2003,20:52:20,22:8:34
141,142,90,141,90,141,90,142,141,142,68,88
Door,Washing Machine,Laundry Dryer,Door,Laundry Dryer,Door,Laundry Dryer,Washing Machine,Door,Washing Machine,Sink faucet - hot,Sink faucet - cold
20:52:46,20:52:47,20:52:47,21:39:9,21:39:10,22:4:13,22:4:14,22:7:16,22:8:3,22:8:4,22:8:53,22:8:53
20:54:44,20:54:41,20:53:49,21:39:31,21:39:23,22:7:41,22:7:35,22:7:35,22:8:23,22:8:21,22:8:58,22:8:57
Toileting,4/3/2003,22:8:44,22:9:11
141,142,68,88
Door,Washing Machine,Sink faucet - hot,Sink faucet - cold
22:8:3,22:8:4,22:8:53,22:8:53
22:8:23,22:8:21,22:8:58,22:8:57
Dressing,4/3/2003,20:13:55,20:18:6
62,81,62
Drawer,Closet,Drawer
20:14:36,20:17:32,20:17:55
20:14:43,20:17:41,20:17:57
Bathing,4/3/2003,20:18:55,20:25:51
62,67,93,67,57,100,93
Drawer,Cabinet,Shower faucet,Cabinet,Medicine cabinet,Toilet Flush,Shower faucet
20:17:55,20:19:6,20:19:8,20:19:18,20:20:9,20:20:51,20:23:59
20:17:57,20:19:10,20:21:46,20:47:5,20:47:21,22:8:48,20:25:26
Preparing lunch,4/4/2003,10:54:9,11:39:59
140,73,55,70,94,84,70,141,90,130,57,130,53,93,73,72,126,91,137,91,73,72,131,70,91,91,131,91
Door,Cabinet,Cabinet,Dishwasher,Burner,Drawer,Dishwasher,Door,Laundry Dryer,Door,Medicine cabinet,Door,Cabinet,Shower faucet,Cabinet,Cabinet,Refrigerator,Refrigerator,Freezer,Refrigerator,Cabinet,Cabinet,Toaster,Dishwasher,Refrigerator,Refrigerator,Toaster,Refrigerator
11:4:36,11:6:7,11:6:20,11:6:21,11:6:34,11:7:14,11:7:21,11:8:0,11:8:1,11:9:58,11:10:0,11:10:57,11:12:25,11:19:29,11:25:44,11:25:45,11:26:9,11:26:9,11:26:13,11:26:47,11:27:17,11:27:18,11:27:25,11:27:50,11:27:58,11:28:40,11:31:24,11:31:33
11:4:39,11:6:10,11:6:25,11:7:19,11:12:58,11:7:18,11:27:46,11:8:15,11:8:8,11:10:0,11:10:2,11:11:16,11:12:30,14:48:58,11:25:50,11:25:52,11:26:47,11:26:13,11:29:32,11:26:50,11:27:35,11:27:36,11:27:28,13:47:42,11:28:16,11:29:32,11:31:30,11:31:53
Cleaning,4/4/2003,13:44:59,13:55:42
84,55,80,63,53,70,70,141,90,142,140
Drawer,Cabinet,Cabinet,Cabinet,Cabinet,Dishwasher,Dishwasher,Door,Laundry Dryer,Washing Machine,Door
13:48:10,13:48:49,13:48:55,13:49:5,13:49:30,13:51:3,13:51:12,13:51:26,13:51:27,13:51:54,13:56:14
13:48:39,13:51:5,13:49:9,13:49:8,13:51:3,13:51:6,14:8:35,13:52:9,13:52:2,13:52:0,13:56:17
Doing laundry,4/4/2003,6:10:3,6:11:5
120,66,141,142,90,67,81
Light switch,Cabinet,Door,Washing Machine,Laundry Dryer,Cabinet,Closet
6:10:14,6:10:31,6:10:48,6:10:49,6:10:52,6:11:15,6:11:54
7:24:40,6:10:47,6:41:3,6:11:1,6:10:56,6:11:21,6:12:1
Toileting,4/4/2003,6:12:4,6:12:49
67,81,100,88,68,58,57,67
Cabinet,Closet,Toilet Flush,Sink faucet - cold,Sink faucet - hot,Medicine cabinet,Medicine cabinet,Cabinet
6:11:15,6:11:54,6:12:20,6:12:21,6:12:22,6:12:34,6:12:36,6:12:37
6:11:21,6:12:1,6:42:22,6:12:27,6:12:29,6:12:35,7:4:38,6:12:44
Bathing,4/4/2003,6:39:31,7:5:33
90,93,142,67,93,93,93,67,57,96,92
Laundry Dryer,Shower faucet,Washing Machine,Cabinet,Shower faucet,Shower faucet,Shower faucet,Cabinet,Medicine cabinet,Exhaust Fan,Light switch
6:39:46,6:40:11,6:40:27,6:41:37,6:47:36,6:48:45,6:48:47,7:4:36,7:4:57,7:5:4,7:5:41
6:40:39,6:44:20,6:41:0,6:41:40,6:48:32,6:48:46,11:11:8,7:4:37,7:21:36,7:23:14,7:20:32
Dressing,4/4/2003,7:5:31,7:9:40
67,57,96,92,82,75
Cabinet,Medicine cabinet,Exhaust Fan,Light switch,Drawer,Drawer
7:4:36,7:4:57,7:5:4,7:5:41,7:6:48,7:9:14
7:4:37,7:21:36,7:23:14,7:20:32,7:6:54,7:9:29
Preparing breakfast,4/4/2003,7:10:39,7:21:18
55,84,131,131,72,107,73,72,58,68,88
Cabinet,Drawer,Toaster,Toaster,Cabinet,Light switch,Cabinet,Cabinet,Medicine cabinet,Sink faucet - hot,Sink faucet - cold
7:10:52,7:10:54,7:11:26,7:14:6,7:14:12,7:15:11,7:21:5,7:21:8,7:21:37,7:21:42,7:22:3
7:10:53,7:10:57,7:11:27,7:14:10,7:14:28,19:59:40,7:21:16,7:21:17,7:22:43,7:22:5,7:22:40
Grooming,4/4/2003,7:21:28,7:24:54
73,72,58,68,88,57,101,88,68,139
Cabinet,Cabinet,Medicine cabinet,Sink faucet - hot,Sink faucet - cold,Medicine cabinet,Light switch,Sink faucet - cold,Sink faucet - hot,Jewelry box
7:21:5,7:21:8,7:21:37,7:21:42,7:22:3,7:22:44,7:23:14,7:23:54,7:23:56,7:25:4
7:21:16,7:21:17,7:22:43,7:22:5,7:22:40,11:10:0,7:24:14,7:23:57,7:23:58,7:25:17
Doing laundry,4/4/2003,12:27:33,12:30:5
120,66,141,142,90,100,67
Light switch,Cabinet,Door,Washing Machine,Laundry Dryer,Toilet Flush,Cabinet
12:28:10,12:28:20,12:28:32,12:28:33,12:29:0,12:30:30,12:30:51
17:53:39,12:28:31,12:29:57,12:29:55,12:29:11,14:2:12,12:30:54
Toileting,4/4/2003,12:30:17,12:31:10
100,67
Toilet Flush,Cabinet
12:30:30,12:30:51
14:2:12,12:30:54
Toileting,4/4/2003,14:0:53,14:3:17
88,68,59
Sink faucet - cold,Sink faucet - hot,Cabinet
14:2:44,14:2:46,14:4:8
14:2:50,14:2:52,14:4:17
Washing dishes,4/4/2003,14:4:2,14:15:53
59,73,72,70
Cabinet,Cabinet,Cabinet,Dishwasher
14:4:8,14:5:25,14:5:26,14:8:44
14:4:17,14:5:27,14:5:28,14:15:42
Preparing a beverage,4/4/2003,14:41:52,14:53:20
73,61,73,141,90,139,79,80,91,137,84
Cabinet,Cabinet,Cabinet,Door,Laundry Dryer,Jewelry box,Cabinet,Cabinet,Refrigerator,Freezer,Drawer
14:44:1,14:45:14,14:45:41,14:46:24,14:46:25,14:49:17,14:50:19,14:51:56,14:52:26,14:52:39,14:52:43
14:44:53,14:45:25,14:45:44,14:47:14,14:47:9,14:49:18,14:50:31,14:51:58,14:52:39,16:44:19,14:52:46
Bathing,4/4/2003,14:54:33,15:31:41
101,93,100,67,79,93,93,130,67,57
Light switch,Shower faucet,Toilet Flush,Cabinet,Cabinet,Shower faucet,Shower faucet,Door,Cabinet,Medicine cabinet
14:55:8,14:55:11,14:56:40,14:56:48,14:56:48,14:57:59,15:2:20,15:28:30,15:29:31,15:30:7
15:31:38,14:57:58,16:43:31,14:56:51,20:27:34,14:59:22,15:3:45,15:29:3,15:29:34,15:30:23
Dressing,4/4/2003,17:48:43,17:52:30
101,57,58,68,139,75,75
Light switch,Medicine cabinet,Medicine cabinet,Sink faucet - hot,Jewelry box,Drawer,Drawer
17:47:48,17:47:49,17:47:49,17:47:51,17:48:44,17:49:8,17:52:13
17:48:33,17:48:1,17:48:2,17:48:5,17:48:52,17:49:15,17:52:21
Grooming,4/4/2003,17:47:17,17:48:35
130,101,57,58,68,139,75
Door,Light switch,Medicine cabinet,Medicine cabinet,Sink faucet - hot,Jewelry box,Drawer
17:47:20,17:47:48,17:47:49,17:47:49,17:47:51,17:48:44,17:49:8
17:48:38,17:48:33,17:48:1,17:48:2,17:48:5,17:48:52,17:49:15
Preparing a beverage,4/4/2003,16:43:55,16:44:25
88,68,80,91
Sink faucet - cold,Sink faucet - hot,Cabinet,Refrigerator
16:43:37,16:43:39,16:43:58,16:44:5
16:43:44,16:43:46,16:44:0,16:44:19
Toileting,4/4/2003,16:43:24,16:43:49
88,68,80,91
Sink faucet - cold,Sink faucet - hot,Cabinet,Refrigerator
16:43:37,16:43:39,16:43:58,16:44:5
16:43:44,16:43:46,16:44:0,16:44:19
Doing laundry,4/5/2003,11:50:58,11:55:4
141,90,142,91,137,137
Door,Laundry Dryer,Washing Machine,Refrigerator,Freezer,Freezer
11:52:27,11:52:27,11:52:45,11:53:22,11:53:28,11:54:4
11:52:50,11:52:46,11:52:46,11:53:28,11:53:29,12:17:59
Putting away dishes,4/5/2003,12:36:23,12:52:43
91,137,143,129,84,129,137,55,53,84,80,63,84,70,70,70,98,84,70,143,55,53,72,84,80,91,70
Refrigerator,Freezer,Microwave,Oven,Drawer,Oven,Freezer,Cabinet,Cabinet,Drawer,Cabinet,Cabinet,Drawer,Dishwasher,Dishwasher,Dishwasher,Garbage disposal,Drawer,Dishwasher,Microwave,Cabinet,Cabinet,Cabinet,Drawer,Cabinet,Refrigerator,Dishwasher
12:35:58,12:36:3,12:38:34,12:38:57,12:39:18,12:39:41,12:40:59,12:41:16,12:41:19,12:41:58,12:42:41,12:43:10,12:43:51,12:44:13,12:44:25,12:44:48,12:45:41,12:46:55,12:46:56,12:47:4,12:47:42,12:47:48,12:48:17,12:48:28,12:49:3,12:49:17,12:51:0
12:36:3,12:40:20,12:38:38,12:39:10,12:39:21,12:39:49,12:49:34,12:44:37,12:44:37,12:42:32,12:43:33,12:43:33,12:43:54,12:44:20,12:44:41,12:46:50,12:45:54,12:46:58,12:50:58,12:47:12,12:47:49,12:47:52,12:48:52,12:48:32,12:49:10,12:49:35,15:4:9
Putting away dishes,4/5/2003,16:55:39,17:12:2
55,84,53,78,80,66,70,66,70,91,137,91,59,91
Cabinet,Drawer,Cabinet,Drawer,Cabinet,Cabinet,Dishwasher,Cabinet,Dishwasher,Refrigerator,Freezer,Refrigerator,Cabinet,Refrigerator
16:59:5,16:59:19,16:59:45,17:0:29,17:0:41,17:2:23,17:2:30,17:3:26,17:6:6,17:6:46,17:6:47,17:6:59,17:7:47,17:10:16
17:2:39,16:59:31,17:2:39,17:0:31,17:0:46,17:2:37,17:6:1,17:4:16,17:6:37,17:6:48,17:7:1,17:7:1,17:7:54,17:10:38
Grooming,4/5/2003,19:34:4,19:53:9
101,57,58,68,88,139
Light switch,Medicine cabinet,Medicine cabinet,Sink faucet - hot,Sink faucet - cold,Jewelry box
19:44:18,19:44:18,19:44:19,19:44:32,19:45:7,19:47:46
19:47:36,19:46:1,19:46:1,19:45:9,19:45:57,19:48:3
Toileting,4/5/2003,20:16:32,20:36:42
130,101,68
Door,Light switch,Sink faucet - hot
20:25:44,20:25:50,20:27:49
20:25:47,22:17:2,22:16:37
Grooming,4/5/2003,22:37:2,22:52:49
57,101,58,68,88,57,88,130,67
Medicine cabinet,Light switch,Medicine cabinet,Sink faucet - hot,Sink faucet - cold,Medicine cabinet,Sink faucet - cold,Door,Cabinet
22:43:55,22:43:56,22:43:56,22:44:2,22:44:37,22:45:30,22:46:3,22:46:19,22:46:22
22:45:14,22:46:13,22:45:13,22:44:39,22:45:9,22:45:32,22:46:10,22:46:23,22:46:26
Washing hands,4/5/2003,23:42:51,23:48:57
130,68,139
Door,Sink faucet - hot,Jewelry box
23:46:13,23:46:36,23:46:51
23:46:45,23:46:41,23:47:3
Preparing a beverage,4/5/2003,20:58:30,21:11:20
82,67,57,67,80
Drawer,Cabinet,Medicine cabinet,Cabinet,Cabinet
21:1:15,21:2:11,21:2:52,21:3:43,21:4:58
21:1:20,21:2:14,21:5:26,21:3:45,21:5:3
Preparing lunch,4/5/2003,13:12:17,15:27:49
129,129,129,129,129,106,140,140,62,75,84,55,59,98,72,84,129,132,138,137,132,137,132,137,135,135,137,135,98,98,70,70,98,94,70,129,129,84,129,53,84
Oven,Oven,Oven,Oven,Oven,Burner,Door,Door,Drawer,Drawer,Drawer,Cabinet,Cabinet,Garbage disposal,Cabinet,Drawer,Oven,Cabinet,Cabinet,Freezer,Cabinet,Freezer,Cabinet,Freezer,Drawer,Drawer,Freezer,Drawer,Garbage disposal,Garbage disposal,Dishwasher,Dishwasher,Garbage disposal,Burner,Dishwasher,Oven,Oven,Drawer,Oven,Cabinet,Drawer
13:17:28,13:18:1,13:33:38,13:34:15,14:1:45,14:10:43,14:13:57,14:14:35,14:20:25,14:20:32,14:25:16,14:29:18,14:37:56,14:38:4,14:40:32,14:43:9,14:45:9,14:54:29,14:54:41,14:57:1,14:57:25,14:57:52,14:58:12,14:58:21,14:58:41,15:2:22,15:2:42,15:2:55,15:3:29,15:4:29,15:5:1,15:6:24,15:6:24,15:7:48,15:8:4,15:15:39,15:18:46,15:18:55,15:19:41,15:20:5,15:20:8
13:17:40,13:18:11,13:33:54,13:34:24,14:1:54,14:35:1,14:14:0,14:14:38,14:20:31,14:20:34,14:25:19,14:29:24,14:39:21,14:38:25,14:40:38,14:43:12,14:45:22,14:54:47,14:54:42,14:57:23,14:57:29,14:57:56,14:58:21,14:58:34,14:58:48,15:2:26,15:2:48,15:2:57,15:3:51,15:4:49,15:5:59,15:7:55,15:6:35,15:9:32,15:58:20,15:15:41,15:18:51,15:18:58,15:19:53,15:20:7,15:20:11
Putting away groceries,4/5/2003,10:57:5,11:32:19
139,130,57,105,137,91,91,137,91,137,137,91,144,137,92,94,55,95,55,84,91,91,135,129,66,70,63,70,66,88,68,101,67
Jewelry box,Door,Medicine cabinet,Light switch,Freezer,Refrigerator,Refrigerator,Freezer,Refrigerator,Freezer,Freezer,Refrigerator,Refrigerator,Freezer,Light switch,Burner,Cabinet,Light switch,Cabinet,Drawer,Refrigerator,Refrigerator,Drawer,Oven,Cabinet,Dishwasher,Cabinet,Dishwasher,Cabinet,Sink faucet - cold,Sink faucet - hot,Light switch,Cabinet
10:56:31,10:57:19,10:57:21,10:59:39,10:59:51,11:0:13,11:0:39,11:1:7,11:1:54,11:2:0,11:2:12,11:2:26,11:2:27,11:2:40,11:3:23,11:12:12,11:12:16,11:12:21,11:16:5,11:16:14,11:22:22,11:22:54,11:23:1,11:23:32,11:24:33,11:24:54,11:25:56,11:27:57,11:29:17,11:30:24,11:30:26,11:31:11,11:31:13
10:56:37,10:57:41,10:57:23,22:10:50,11:0:24,11:0:22,11:1:7,11:1:58,11:1:59,11:2:10,11:2:24,11:2:40,11:2:29,11:22:26,23:45:55,12:8:11,11:12:20,22:10:58,11:16:11,11:16:16,11:22:27,11:22:59,11:23:9,11:23:39,11:25:4,11:27:49,11:25:59,11:48:59,11:30:12,11:30:29,11:30:31,11:41:35,11:31:16
Toileting,4/5/2003,17:21:1,17:26:4
91,88,68
Refrigerator,Sink faucet - cold,Sink faucet - hot
17:22:1,17:23:46,17:23:47
17:22:17,17:23:53,17:23:55
Toileting,4/5/2003,17:53:54,17:57:48
57,100,98
Medicine cabinet,Toilet Flush,Garbage disposal
17:56:55,17:57:19,17:58:38
17:56:57,20:27:32,17:58:59
Preparing a snack,4/5/2003,17:58:28,18:5:3
98,55,91,137,84,53,84,129
Garbage disposal,Cabinet,Refrigerator,Freezer,Drawer,Cabinet,Drawer,Oven
17:58:38,17:59:56,18:0:32,18:0:40,18:1:18,18:1:59,18:3:2,18:4:47
17:58:59,18:0:4,18:0:41,22:15:9,18:1:21,18:2:7,18:3:5,18:4:50
Toileting,4/5/2003,16:8:53,16:9:57
81,100,88,68,137,131
Closet,Toilet Flush,Sink faucet - cold,Sink faucet - hot,Freezer,Toaster
16:8:31,16:9:8,16:9:14,16:9:16,16:10:2,16:10:38
16:8:37,17:23:41,16:9:18,16:9:20,16:10:42,16:10:39
Washing dishes,4/5/2003,15:57:55,16:0:15
70,132,132,70
Dishwasher,Cabinet,Cabinet,Dishwasher
15:58:31,15:58:52,15:59:22,15:59:39
15:59:32,15:59:19,15:59:26,16:7:15
Washing dishes,4/5/2003,16:6:3,16:8:0
132,135,91,66,81,70,81
Cabinet,Drawer,Refrigerator,Cabinet,Closet,Dishwasher,Closet
16:5:27,16:6:17,16:6:43,16:7:22,16:7:28,16:7:46,16:8:31
16:5:29,16:6:29,16:6:49,16:7:51,16:7:33,16:58:59,16:8:37
Dressing,4/5/2003,16:12:28,16:13:31
62,75,81,131
Drawer,Drawer,Closet,Toaster
16:12:42,16:12:52,16:13:18,16:13:38
16:12:51,16:12:57,16:13:29,16:13:43
Toileting,4/5/2003,22:16:14,22:17:42
131,100,88,139
Toaster,Toilet Flush,Sink faucet - cold,Jewelry box
22:15:28,22:16:30,22:16:35,22:17:26
22:15:29,22:45:58,22:16:50,22:17:38
Preparing a snack,4/5/2003,22:14:56,22:15:41
120,131,100,88
Light switch,Toaster,Toilet Flush,Sink faucet - cold
22:15:4,22:15:28,22:16:30,22:16:35
22:43:47,22:15:29,22:45:58,22:16:50
Grooming,4/6/2003,0:52:28,1:4:55
140,96,88,68,88,67,68,57,58,88,57,88
Door,Exhaust Fan,Sink faucet - cold,Sink faucet - hot,Sink faucet - cold,Cabinet,Sink faucet - hot,Medicine cabinet,Medicine cabinet,Sink faucet - cold,Medicine cabinet,Sink faucet - cold
0:52:44,0:54:58,0:55:25,0:55:28,0:55:36,0:55:42,0:58:27,0:58:44,0:58:44,0:58:49,1:0:29,1:1:58
0:52:48,1:2:15,0:55:32,0:55:34,0:55:37,8:5:17,0:58:34,0:58:45,1:0:28,1:0:0,9:33:17,1:2:5
Toileting,4/6/2003,15:23:27,15:44:44
130,100,88,88,88,130,130,57
Door,Toilet Flush,Sink faucet - cold,Sink faucet - cold,Sink faucet - cold,Door,Door,Medicine cabinet
15:32:0,15:33:28,15:33:34,15:33:41,15:33:44,15:33:52,15:40:55,15:40:58
15:32:3,16:57:15,15:33:40,15:33:44,15:33:46,15:33:55,15:41:1,18:41:11
Toileting,4/6/2003,16:51:38,17:1:44
139,130,88,68
Jewelry box,Door,Sink faucet - cold,Sink faucet - hot
16:55:3,16:56:52,16:57:25,16:57:27
16:55:17,16:57:44,16:57:36,16:57:38
Toileting,4/6/2003,17:29:29,17:45:35
130,71,100,88,68,139,100,88,68,88,130
Door,Drawer,Toilet Flush,Sink faucet - cold,Sink faucet - hot,Jewelry box,Toilet Flush,Sink faucet - cold,Sink faucet - hot,Sink faucet - cold,Door
17:37:38,17:38:1,17:38:8,17:38:9,17:38:11,17:38:24,17:39:32,17:39:32,17:39:45,17:39:46,17:40:28
17:38:31,17:38:22,17:39:31,17:38:13,17:38:15,17:38:25,18:16:6,17:39:44,17:40:15,17:40:14,17:40:31
Toileting,4/6/2003,21:31:42,21:40:16
88,68
Sink faucet - cold,Sink faucet - hot
21:36:24,21:36:27
21:36:30,21:36:32
Grooming,4/6/2003,20:46:54,21:4:48
139,130,101,67,67,58,68,88,100,88,68,139
Jewelry box,Door,Light switch,Cabinet,Cabinet,Medicine cabinet,Sink faucet - hot,Sink faucet - cold,Toilet Flush,Sink faucet - cold,Sink faucet - hot,Jewelry box
20:50:59,20:51:15,20:51:56,20:51:58,20:54:6,20:54:23,20:55:26,20:56:9,20:58:32,20:58:37,20:58:39,20:59:15
20:51:3,20:59:0,20:58:55,20:51:59,20:54:8,20:56:53,20:56:11,20:56:50,21:36:22,20:58:51,20:58:53,20:59:27
Preparing a beverage,4/6/2003,14:41:38,14:56:44
80,51,91,137,91,84
Cabinet,Cabinet,Refrigerator,Freezer,Refrigerator,Drawer
14:49:18,14:49:27,14:49:46,14:49:57,14:52:37,14:52:43
14:49:20,14:49:28,14:49:57,14:52:39,14:52:40,14:52:48
Preparing a beverage,4/6/2003,19:43:45,19:55:27
140,104,98,66,91,91,61,80,92
Door,Light switch,Garbage disposal,Cabinet,Refrigerator,Refrigerator,Cabinet,Cabinet,Light switch
19:45:57,19:46:6,19:49:52,19:50:17,19:50:50,19:51:23,19:51:33,19:51:34,19:52:5
19:46:1,19:46:7,19:50:2,19:50:36,19:50:58,19:51:27,19:51:45,19:51:36,21:1:6
Toileting,4/6/2003,8:15:21,8:22:13
130,88,88,88,130
Door,Sink faucet - cold,Sink faucet - cold,Sink faucet - cold,Door
8:17:27,8:18:42,8:19:17,8:19:54,8:20:2
8:17:39,8:19:7,8:19:46,8:53:54,8:20:4
Toileting,4/6/2003,8:1:0,8:7:23
130,100,88,68
Door,Toilet Flush,Sink faucet - cold,Sink faucet - hot
8:4:5,8:4:57,8:5:2,8:5:4
8:5:31,8:19:47,8:5:8,8:5:10
Toileting,4/6/2003,8:51:56,8:54:24
130,96,100,68
Door,Exhaust Fan,Toilet Flush,Sink faucet - hot
8:52:53,8:53:42,8:53:48,8:53:56
8:53:9,9:42:50,9:42:16,8:54:2
Preparing breakfast,4/6/2003,8:55:56,9:16:22
131,137,55,84,131,91,80,91,137,131,91,137,91,131,131
Toaster,Freezer,Cabinet,Drawer,Toaster,Refrigerator,Cabinet,Refrigerator,Freezer,Toaster,Refrigerator,Freezer,Refrigerator,Toaster,Toaster
8:56:17,8:56:28,8:59:46,8:59:51,8:59:59,9:0:13,9:0:20,9:0:50,9:9:49,9:10:0,9:12:40,9:12:42,9:13:5,9:13:34,9:16:1
8:56:19,9:0:53,8:59:50,8:59:54,9:0:9,9:0:17,9:0:21,9:0:54,9:10:0,9:10:3,9:12:42,13:12:36,9:13:10,9:13:39,9:16:5
Dressing,4/6/2003,9:34:26,9:37:19
57,82,75,62,75
Medicine cabinet,Drawer,Drawer,Drawer,Drawer
9:33:51,9:34:39,9:35:43,9:36:5,9:36:37
9:41:1,9:34:45,9:35:46,9:36:36,9:37:3
Bathing,4/6/2003,9:40:50,9:46:36
58,57,88,58,62,68,75,96,88,101,88,57,139
Medicine cabinet,Medicine cabinet,Sink faucet - cold,Medicine cabinet,Drawer,Sink faucet - hot,Drawer,Exhaust Fan,Sink faucet - cold,Light switch,Sink faucet - cold,Medicine cabinet,Jewelry box
9:40:59,9:41:16,9:42:19,9:43:5,9:43:10,9:43:10,9:43:13,9:43:28,9:43:39,9:44:50,9:44:50,9:45:8,9:46:12
9:41:15,9:43:5,9:42:26,9:45:8,9:43:11,9:43:41,9:43:29,9:46:7,9:44:7,9:46:3,9:44:51,13:10:15,9:46:28
Going out to work,4/6/2003,9:47:37,9:50:36
140
Door
9:48:26
9:48:32
Toileting,4/6/2003,13:9:27,13:10:40
139,140,130,58,57,54
Jewelry box,Door,Door,Medicine cabinet,Medicine cabinet,Door
13:8:53,13:9:30,13:10:13,13:10:16,13:10:18,13:11:17
13:8:54,13:9:34,13:10:24,13:10:17,15:40:56,13:11:22
Preparing lunch,4/6/2003,13:11:26,13:54:16
54,54,63,80,91,55,80,84,80,91,137,70,66,95,130,137,91,55,84,55,143,143,70,53,84,70,91,91,144,55,84,54,54,70,55,91,144,137,55,54,54,54,53,84,91,59,91,137,53,143,53,143,91,143
Door,Door,Cabinet,Cabinet,Refrigerator,Cabinet,Cabinet,Drawer,Cabinet,Refrigerator,Freezer,Dishwasher,Cabinet,Light switch,Door,Freezer,Refrigerator,Cabinet,Drawer,Cabinet,Microwave,Microwave,Dishwasher,Cabinet,Drawer,Dishwasher,Refrigerator,Refrigerator,Refrigerator,Cabinet,Drawer,Door,Door,Dishwasher,Cabinet,Refrigerator,Refrigerator,Freezer,Cabinet,Door,Door,Door,Cabinet,Drawer,Refrigerator,Cabinet,Refrigerator,Freezer,Cabinet,Microwave,Cabinet,Microwave,Refrigerator,Microwave
13:11:17,13:12:1,13:12:17,13:12:18,13:12:27,13:14:45,13:15:47,13:16:14,13:17:39,13:17:47,13:18:1,13:18:42,13:18:48,13:19:2,13:19:9,13:21:1,13:21:2,13:21:15,13:21:21,13:25:43,13:25:48,13:26:20,13:27:38,13:28:17,13:28:19,13:28:45,13:28:53,13:40:36,13:40:38,13:40:52,13:41:0,13:41:22,13:42:0,13:42:29,13:42:35,13:43:7,13:43:8,13:43:11,13:43:13,13:48:32,13:48:54,13:49:16,13:49:34,13:49:53,13:51:35,13:51:44,13:51:59,13:52:15,13:52:15,13:52:23,13:52:31,13:52:45,13:52:56,13:53:16
13:11:22,13:12:3,13:12:19,13:12:21,13:12:37,13:20:21,13:15:50,13:16:17,13:17:43,13:18:2,13:20:58,13:27:28,13:19:1,14:49:17,13:19:20,13:21:7,13:21:8,13:22:6,13:21:24,13:25:47,13:25:50,13:26:22,13:28:42,13:28:19,13:28:22,13:42:14,13:28:56,13:40:45,13:40:41,13:41:2,13:41:6,13:41:31,13:42:2,19:48:12,13:43:3,13:43:12,13:43:10,13:51:38,13:43:15,13:48:34,13:49:1,13:49:24,13:49:36,13:49:59,13:51:39,13:51:51,13:52:16,13:53:11,13:52:20,13:52:26,13:52:34,13:52:50,13:53:12,13:53:20
Preparing dinner,4/6/2003,18:48:21,18:57:29
57,139,54,54,57,55,53,126,91,143,143
Medicine cabinet,Jewelry box,Door,Door,Medicine cabinet,Cabinet,Cabinet,Refrigerator,Refrigerator,Microwave,Microwave
18:47:53,18:48:6,18:48:52,18:50:8,18:51:50,18:51:55,18:51:56,18:52:4,18:52:4,18:52:46,18:53:38
18:51:48,18:48:12,18:48:55,18:50:11,20:54:24,18:51:59,18:51:58,18:52:42,18:52:46,18:52:48,18:53:47
Bathing,4/6/2003,18:13:46,18:30:48
130,88,68,88,100,130,130,130,101,92,93,58,96,67,82
Door,Sink faucet - cold,Sink faucet - hot,Sink faucet - cold,Toilet Flush,Door,Door,Door,Light switch,Light switch,Shower faucet,Medicine cabinet,Exhaust Fan,Cabinet,Drawer
18:15:22,18:16:7,18:16:9,18:17:46,18:17:47,18:17:57,18:20:26,18:21:15,18:21:17,18:27:19,18:29:37,18:30:16,18:30:16,18:30:42,18:31:19
18:15:36,18:16:12,18:16:14,18:17:52,18:22:56,18:18:0,18:20:28,18:30:50,18:42:2,18:56:55,18:29:38,18:30:30,18:42:4,18:30:43,18:31:34
Toileting,4/6/2003,18:40:27,18:42:44
58,68,88,57
Medicine cabinet,Sink faucet - hot,Sink faucet - cold,Medicine cabinet
18:41:12,18:41:16,18:41:29,18:41:52
18:41:52,18:41:31,18:41:49,18:47:10
Dressing,4/6/2003,18:31:17,18:36:35
67,82,75,75
Cabinet,Drawer,Drawer,Drawer
18:30:42,18:31:19,18:33:43,18:36:11
18:30:43,18:31:34,18:33:53,18:36:20
Toileting,4/7/2003,4:30:3,4:48:31
130,100,68,58,57,130
Door,Toilet Flush,Sink faucet - hot,Medicine cabinet,Medicine cabinet,Door
4:39:24,4:40:1,4:40:8,4:40:9,4:40:12,4:40:32
4:39:27,7:11:58,4:40:15,4:40:12,7:24:57,4:40:35
Grooming,4/7/2003,7:40:50,7:58:23
88,68,58,68,88,57,68,58,67,88,139,130,81,68,101,140,140,140
Sink faucet - cold,Sink faucet - hot,Medicine cabinet,Sink faucet - hot,Sink faucet - cold,Medicine cabinet,Sink faucet - hot,Medicine cabinet,Cabinet,Sink faucet - cold,Jewelry box,Door,Closet,Sink faucet - hot,Light switch,Door,Door,Door
7:42:28,7:42:31,7:45:28,7:45:35,7:46:0,7:46:35,7:49:16,7:49:43,7:49:54,7:50:7,7:51:14,7:53:2,7:53:7,7:54:32,7:54:36,7:56:19,7:56:41,7:56:58
7:42:33,7:42:35,7:46:34,7:46:2,7:46:31,16:32:15,7:50:9,7:49:53,7:50:5,7:50:10,7:51:53,7:54:44,7:53:12,7:54:36,7:54:40,7:56:22,7:56:43,7:57:1
Bathing,4/7/2003,16:20:50,16:54:47
140,139,130,57,58,57,130,88,68,100,88,68,96,93,130,96,131,92
Door,Jewelry box,Door,Medicine cabinet,Medicine cabinet,Medicine cabinet,Door,Sink faucet - cold,Sink faucet - hot,Toilet Flush,Sink faucet - cold,Sink faucet - hot,Exhaust Fan,Shower faucet,Door,Exhaust Fan,Toaster,Light switch
16:31:4,16:31:42,16:32:11,16:32:16,16:32:19,16:32:23,16:40:36,16:41:50,16:41:52,16:43:29,16:43:37,16:43:39,16:46:38,16:46:44,16:46:55,16:46:58,16:47:17,16:47:41
16:31:9,16:31:57,16:32:52,16:32:18,16:32:22,20:34:48,16:46:50,16:42:4,16:42:6,17:45:55,16:43:49,16:43:51,16:46:40,20:15:2,16:46:59,17:46:14,16:47:18,20:39:17
Grooming,4/7/2003,20:27:56,20:45:25
58,68,88,96,67,58,71
Medicine cabinet,Sink faucet - hot,Sink faucet - cold,Exhaust Fan,Cabinet,Medicine cabinet,Drawer
20:34:48,20:36:3,20:36:27,20:37:46,20:37:51,20:38:15,20:39:52
20:37:13,20:36:28,20:37:9,20:38:49,20:37:55,20:38:40,20:40:1
Toileting,4/7/2003,20:9:43,20:20:37
101,67
Light switch,Cabinet
20:14:56,20:15:34
20:38:45,20:15:36
Preparing a beverage,4/7/2003,6:51:44,6:58:4
75,80,54
Drawer,Cabinet,Door
6:53:21,6:55:1,6:55:36
6:53:33,6:55:2,6:55:47
Preparing a snack,4/7/2003,9:42:35,10:5:21
140,75,131,75,131,140
Door,Drawer,Toaster,Drawer,Toaster,Door
9:49:16,9:51:19,9:52:18,9:52:59,9:56:1,9:57:11
9:49:19,9:51:25,9:52:20,9:53:9,9:56:5,9:57:14
Preparing breakfast,4/7/2003,7:31:6,7:36:25
92,82,131,137,55,75,75,131,62
Light switch,Drawer,Toaster,Freezer,Cabinet,Drawer,Drawer,Toaster,Drawer
7:30:10,7:30:34,7:31:39,7:31:48,7:32:1,7:32:11,7:33:19,7:35:54,7:37:15
7:55:27,7:30:36,7:31:40,9:52:3,7:32:3,7:32:21,7:33:27,7:35:58,7:37:38
Bathing,4/7/2003,7:6:7,7:30:10
54,93,81,61,67,101,93,93,93,67,58,57,100,96,92,82
Door,Shower faucet,Closet,Cabinet,Cabinet,Light switch,Shower faucet,Shower faucet,Shower faucet,Cabinet,Medicine cabinet,Medicine cabinet,Toilet Flush,Exhaust Fan,Light switch,Drawer
7:6:12,7:6:28,7:6:39,7:7:12,7:7:39,7:7:45,7:14:54,7:18:35,7:24:5,7:24:54,7:29:12,7:29:33,7:29:55,7:30:3,7:30:10,7:30:34
7:6:15,7:14:53,7:6:50,7:7:24,7:7:43,7:50:5,7:18:33,7:24:4,16:42:20,7:24:55,7:29:32,7:45:28,7:53:49,7:50:56,7:55:27,7:30:36
Toileting,4/7/2003,13:12:51,13:17:3
130,100,68,101,91,137
Door,Toilet Flush,Sink faucet - hot,Light switch,Refrigerator,Freezer
13:13:49,13:14:18,13:14:30,13:14:31,13:17:25,13:17:32
13:14:57,16:41:39,13:14:46,13:14:53,13:17:32,16:47:3
Preparing lunch,4/7/2003,12:25:7,13:4:50
140,55,84,91,91,143,143,84,91,91,143,143,84,91,137,91,131,131
Door,Cabinet,Drawer,Refrigerator,Refrigerator,Microwave,Microwave,Drawer,Refrigerator,Refrigerator,Microwave,Microwave,Drawer,Refrigerator,Freezer,Refrigerator,Toaster,Toaster
12:30:39,12:31:41,12:31:55,12:32:6,12:33:20,12:33:29,12:35:46,12:36:14,12:46:43,12:47:53,12:48:5,12:51:29,12:51:40,12:53:45,12:54:11,12:58:22,12:58:32,13:2:40
12:30:42,12:31:45,12:32:0,12:32:16,12:33:26,12:33:34,12:36:11,12:36:18,12:46:55,12:47:57,12:48:10,12:51:37,12:51:45,12:54:11,12:58:22,12:58:24,12:58:38,13:2:44
Toileting,4/7/2003,17:44:21,17:48:41
130,68
Door,Sink faucet - hot
17:45:31,17:46:10
17:46:16,17:46:12
Preparing a snack,4/7/2003,17:50:28,18:10:46
131,84,72,131,72,80
Toaster,Drawer,Cabinet,Toaster,Cabinet,Cabinet
17:52:30,17:53:0,17:53:15,17:55:19,17:55:55,18:5:47
17:52:47,17:53:4,17:53:20,17:55:23,17:55:57,18:5:50
Toileting,4/7/2003,18:51:14,18:52:24
84,100,68,84
Drawer,Toilet Flush,Sink faucet - hot,Drawer
18:50:31,18:51:34,18:51:45,18:52:2
18:50:34,20:17:55,18:51:56,18:52:5
Toileting,4/7/2003,18:47:48,18:50:48
120,55,61,94,73,84,100,68
Light switch,Cabinet,Cabinet,Burner,Cabinet,Drawer,Toilet Flush,Sink faucet - hot
18:48:54,18:49:3,18:49:16,18:49:37,18:49:42,18:50:31,18:51:34,18:51:45
20:38:53,18:49:9,18:49:28,18:55:36,18:49:58,18:50:34,20:17:55,18:51:56
Toileting,4/8/2003,11:20:19,11:30:20
130,57,101,139,140
Door,Medicine cabinet,Light switch,Jewelry box,Door
11:24:8,11:24:10,11:24:46,11:28:20,11:30:15
11:26:30,11:25:29,11:26:26,11:28:30,11:30:18
Toileting,4/8/2003,15:35:3,15:46:18
130,100,68,88,81,101
Door,Toilet Flush,Sink faucet - hot,Sink faucet - cold,Closet,Light switch
15:41:14,15:41:39,15:41:45,15:41:45,15:42:5,15:42:20
16:4:0,17:16:43,15:43:17,15:43:15,15:42:10,16:7:12
Toileting,4/8/2003,17:9:29,17:23:41
120,92,75,130,88,68,101,130,140
Light switch,Light switch,Drawer,Door,Sink faucet - cold,Sink faucet - hot,Light switch,Door,Door
17:13:0,17:14:56,17:15:54,17:16:20,17:17:7,17:17:9,17:17:21,17:21:14,17:23:11
17:22:56,17:19:34,17:16:5,17:17:48,17:17:13,17:17:15,17:17:40,17:21:51,17:23:14
Grooming,4/8/2003,15:48:24,16:7:48
58,57,67,81,68,88,130,88,68
Medicine cabinet,Medicine cabinet,Cabinet,Closet,Sink faucet - hot,Sink faucet - cold,Door,Sink faucet - cold,Sink faucet - hot
15:50:43,15:50:44,15:50:47,15:55:0,15:55:16,15:55:16,16:4:1,16:5:12,16:5:15
15:50:45,15:50:46,15:50:53,15:55:7,15:56:39,15:56:36,16:7:18,16:5:16,16:5:18
Grooming,4/8/2003,21:23:53,21:36:11
93,57,58,68,88,88,68,71
Shower faucet,Medicine cabinet,Medicine cabinet,Sink faucet - hot,Sink faucet - cold,Sink faucet - cold,Sink faucet - hot,Drawer
21:28:23,21:28:47,21:28:47,21:29:18,21:29:49,21:31:26,21:31:29,21:33:6
21:28:24,21:30:41,21:30:41,21:29:52,21:30:36,21:31:29,21:31:32,21:33:13
Preparing a snack,4/8/2003,10:35:8,10:57:41
140,53,84,91,137,91,143,139,143,84,91,137
Door,Cabinet,Drawer,Refrigerator,Freezer,Refrigerator,Microwave,Jewelry box,Microwave,Drawer,Refrigerator,Freezer
10:40:26,10:41:55,10:41:58,10:42:8,10:42:12,10:42:40,10:42:45,10:43:1,10:46:33,10:46:47,10:51:32,10:51:56
10:40:29,10:41:58,10:42:1,10:42:12,10:51:47,10:42:44,10:42:48,10:44:13,10:46:39,10:46:50,10:51:46,14:2:23
Preparing lunch,4/8/2003,14:0:31,14:8:23
91,126,137,91,143,143
Refrigerator,Refrigerator,Freezer,Refrigerator,Microwave,Microwave
14:2:40,14:2:42,14:2:47,14:3:58,14:4:8,14:4:43
14:2:47,14:3:59,14:4:5,14:4:6,14:4:10,14:5:3
Going out to work,4/8/2003,7:16:15,7:32:7
140
Door
7:24:18
7:24:21
Toileting,4/8/2003,6:22:22,6:25:4
130,67
Door,Cabinet
6:23:45,6:23:51
6:23:49,6:23:54
Preparing breakfast,4/8/2003,6:32:36,6:51:43
96,81,58,131,137,81,88,68,131,131,101,131,82
Exhaust Fan,Closet,Medicine cabinet,Toaster,Freezer,Closet,Sink faucet - cold,Sink faucet - hot,Toaster,Toaster,Light switch,Toaster,Drawer
6:36:3,6:36:5,6:36:28,6:37:55,6:37:55,6:38:6,6:40:34,6:40:37,6:47:0,6:47:16,6:47:35,6:50:38,6:52:35
7:10:44,6:36:12,6:37:3,6:37:56,6:47:5,6:38:18,6:40:45,6:40:47,6:47:3,6:47:17,7:10:40,6:50:42,6:52:46
Grooming,4/8/2003,6:58:38,7:11:10
57,58,68,139,88,139,67,88,68,67,88,68,133,100,75
Medicine cabinet,Medicine cabinet,Sink faucet - hot,Jewelry box,Sink faucet - cold,Jewelry box,Cabinet,Sink faucet - cold,Sink faucet - hot,Cabinet,Sink faucet - cold,Sink faucet - hot,Cabinet,Toilet Flush,Drawer
6:58:59,6:58:59,6:59:5,6:59:43,7:0:7,7:1:13,7:2:57,7:5:46,7:5:48,7:8:24,7:8:36,7:8:38,7:9:30,7:10:13,7:11:23
7:0:28,7:0:27,7:0:9,6:59:46,7:0:24,7:1:25,7:2:59,7:5:53,7:5:55,7:8:36,7:8:39,7:8:41,17:35:39,11:26:0,7:11:35
Dressing,4/8/2003,6:52:16,6:54:19
82,75,92
Drawer,Drawer,Light switch
6:52:35,6:52:59,6:54:58
6:52:46,6:53:7,7:13:26
Toileting,4/8/2003,21:7:24,21:10:32
101,67,130,139
Light switch,Cabinet,Door,Jewelry box
21:9:4,21:9:5,21:9:27,21:9:35
21:32:28,21:9:6,21:14:55,21:9:44
Preparing dinner,4/8/2003,20:48:49,21:3:0
140,104,120,137,130,55,91,137,52,100,88,130,137,84,137,137
Door,Light switch,Light switch,Freezer,Door,Cabinet,Refrigerator,Freezer,Drawer,Toilet Flush,Sink faucet - cold,Door,Freezer,Drawer,Freezer,Freezer
20:50:41,20:50:55,20:51:6,20:52:19,20:52:51,20:53:5,20:53:31,20:53:33,20:53:47,20:54:30,20:54:41,20:54:56,20:55:0,20:55:5,21:2:1,21:2:35
20:50:47,20:50:59,21:32:35,20:52:26,20:54:53,20:53:43,20:53:35,20:53:39,20:53:49,21:16:11,20:54:48,21:9:1,20:55:3,20:55:10,21:2:3,21:2:37
Grooming,4/9/2003,0:20:31,0:36:9
96,101,88,88,68,88,68,88,88,57,58,88,88,57,88,130,96
Exhaust Fan,Light switch,Sink faucet - cold,Sink faucet - cold,Sink faucet - hot,Sink faucet - cold,Sink faucet - hot,Sink faucet - cold,Sink faucet - cold,Medicine cabinet,Medicine cabinet,Sink faucet - cold,Sink faucet - cold,Medicine cabinet,Sink faucet - cold,Door,Exhaust Fan
0:22:12,0:22:16,0:23:36,0:25:53,0:25:54,0:26:12,0:26:24,0:28:21,0:28:46,0:28:57,0:28:57,0:29:2,0:30:58,0:34:10,0:34:10,0:34:47,0:34:50
0:22:18,0:34:53,0:25:48,0:26:4,0:26:21,0:27:13,0:27:15,0:28:22,0:28:48,0:28:58,0:34:11,0:30:28,0:30:59,10:55:23,0:34:18,0:34:54,0:34:51
Toileting,4/9/2003,7:5:3,7:20:32
71,100,88,68,130,80
Drawer,Toilet Flush,Sink faucet - cold,Sink faucet - hot,Door,Cabinet
7:11:43,7:12:47,7:12:49,7:12:51,7:13:1,7:13:11
7:11:45,8:5:49,7:12:56,7:12:58,7:13:2,7:13:14
Toileting,4/9/2003,7:56:40,8:12:9
130,88,130
Door,Sink faucet - cold,Door
8:4:29,8:5:49,8:6:27
8:4:31,8:6:16,8:6:30
Toileting,4/9/2003,10:46:45,11:0:48
130,88,68,57,130,67
Door,Sink faucet - cold,Sink faucet - hot,Medicine cabinet,Door,Cabinet
10:53:42,10:54:58,10:55:1,10:55:25,10:55:35,10:55:36
10:55:30,10:55:7,10:55:10,15:42:12,10:55:53,10:55:38
Bathing,4/9/2003,15:2:53,15:46:12
93,67,79,100,93,93,101,58,58,57,82,96
Shower faucet,Cabinet,Cabinet,Toilet Flush,Shower faucet,Shower faucet,Light switch,Medicine cabinet,Medicine cabinet,Medicine cabinet,Drawer,Exhaust Fan
15:5:46,15:6:22,15:7:14,15:7:49,15:14:9,15:40:32,15:40:56,15:41:4,15:42:11,15:42:50,15:43:32,15:44:7
15:14:9,15:6:24,15:7:23,16:3:54,15:36:29,15:40:33,16:17:7,15:41:27,15:42:50,16:10:11,15:43:35,16:17:10
Grooming,4/9/2003,20:2:9,20:18:45
58,67,58,68,67,107,71,64
Medicine cabinet,Cabinet,Medicine cabinet,Sink faucet - hot,Cabinet,Light switch,Drawer,Lamp
20:8:54,20:9:22,20:9:33,20:9:39,20:10:43,20:15:49,20:16:6,20:16:36
20:9:14,20:9:23,20:10:47,20:10:9,20:10:46,21:52:22,20:16:15,21:13:19
Toileting,4/9/2003,21:13:7,21:25:58
100,68
Toilet Flush,Sink faucet - hot
21:20:20,21:20:24
21:37:58,21:20:29
Toileting,4/9/2003,21:29:11,21:44:43
88,68
Sink faucet - cold,Sink faucet - hot
21:37:59,21:38:2
21:38:3,21:38:6
Preparing lunch,4/9/2003,12:53:52,13:29:5
84,53,91,91,137,143,61,143,91,91,144,135,91,137,135,135,91,144,137,91,84,140,140,137,55,137,84
Drawer,Cabinet,Refrigerator,Refrigerator,Freezer,Microwave,Cabinet,Microwave,Refrigerator,Refrigerator,Refrigerator,Drawer,Refrigerator,Freezer,Drawer,Drawer,Refrigerator,Refrigerator,Freezer,Refrigerator,Drawer,Door,Door,Freezer,Cabinet,Freezer,Drawer
13:0:35,13:0:38,13:0:50,13:1:27,13:1:31,13:1:32,13:1:45,13:5:48,13:6:0,13:6:15,13:6:17,13:6:20,13:6:57,13:6:59,13:7:1,13:8:6,13:9:15,13:9:17,13:9:20,13:9:47,13:9:54,13:13:51,13:14:28,13:22:57,13:23:1,13:23:37,13:23:39
13:0:37,13:0:40,13:0:55,13:1:31,13:6:2,13:1:34,13:1:56,13:5:55,13:6:3,13:6:21,13:6:19,13:6:27,13:7:2,13:8:56,13:7:6,13:8:9,13:9:20,13:9:19,13:22:53,13:9:53,13:10:1,13:13:54,13:14:30,13:23:35,13:23:4,18:48:5,13:23:42
Doing laundry,4/9/2003,11:32:27,11:37:20
59,70,70,141,90,142,66,70,141,142,59,59
Cabinet,Dishwasher,Dishwasher,Door,Laundry Dryer,Washing Machine,Cabinet,Dishwasher,Door,Washing Machine,Cabinet,Cabinet
11:31:39,11:32:17,11:32:58,11:33:0,11:33:1,11:33:2,11:34:34,11:34:41,11:35:40,11:35:40,11:37:47,11:37:53
11:31:41,11:32:51,11:34:21,11:34:8,11:33:2,11:34:6,11:34:46,11:46:45,11:35:42,11:35:41,11:37:49,11:37:55
Washing dishes,4/9/2003,11:25:54,11:32:2
53,55,84,80,84,91,70,59,95,59,59,70,70,141,90
Cabinet,Cabinet,Drawer,Cabinet,Drawer,Refrigerator,Dishwasher,Cabinet,Light switch,Cabinet,Cabinet,Dishwasher,Dishwasher,Door,Laundry Dryer
11:26:51,11:26:54,11:27:16,11:27:57,11:28:14,11:29:13,11:29:44,11:30:1,11:30:15,11:30:58,11:31:39,11:32:17,11:32:58,11:33:0,11:33:1
11:29:44,11:29:44,11:28:10,11:27:59,11:28:15,11:29:16,11:32:14,11:30:13,16:24:43,11:30:59,11:31:41,11:32:51,11:34:21,11:34:8,11:33:2
Other,4/9/2003,20:7:9,21:21:1
58,67,58,68,67,107,71,64,100,68
Medicine cabinet,Cabinet,Medicine cabinet,Sink faucet - hot,Cabinet,Light switch,Drawer,Lamp,Toilet Flush,Sink faucet - hot
20:8:54,20:9:22,20:9:33,20:9:39,20:10:43,20:15:49,20:16:6,20:16:36,21:20:20,21:20:24
20:9:14,20:9:23,20:10:47,20:10:9,20:10:46,21:52:22,20:16:15,21:13:19,21:37:58,21:20:29
Dressing,4/9/2003,8:38:53,8:40:47
82,75,146,130
Drawer,Drawer,Drawer,Door
8:39:17,8:40:18,8:40:35,8:41:45
8:39:20,8:40:32,8:40:41,8:44:38
Toileting,4/9/2003,8:41:37,8:44:56
130,100,88,68,81
Door,Toilet Flush,Sink faucet - cold,Sink faucet - hot,Closet
8:41:45,8:43:32,8:43:35,8:43:37,8:44:10
8:44:38,10:54:55,8:43:42,8:43:44,8:44:17
Preparing breakfast,4/9/2003,8:45:36,9:39:30
131,119,140,140,91,140,140,140,119,73,97,80,91,55,84,131,59,91,137
Toaster,Coffee machine,Door,Door,Refrigerator,Door,Door,Door,Coffee machine,Cabinet,Light switch,Cabinet,Refrigerator,Cabinet,Drawer,Toaster,Cabinet,Refrigerator,Freezer
8:46:2,8:46:7,8:48:51,8:49:10,8:49:21,9:9:18,9:16:22,9:33:3,9:34:1,9:34:1,9:35:55,9:36:44,9:37:8,9:37:27,9:37:30,9:37:40,9:38:48,9:39:34,9:39:36
8:46:5,8:46:35,8:48:56,8:50:21,8:49:29,9:9:21,9:16:29,9:33:6,9:35:1,9:35:0,16:25:50,9:36:45,9:37:21,9:37:30,9:37:33,9:37:44,9:39:2,9:39:37,13:0:54
Dressing,4/9/2003,15:57:50,16:6:12
75,75,75,68,75
Drawer,Drawer,Drawer,Sink faucet - hot,Drawer
15:58:11,15:59:1,16:0:38,16:4:4,16:5:26
15:58:28,15:59:10,16:0:54,16:4:12,16:5:35
Grooming,4/9/2003,16:9:35,16:25:41
58,68,88,57,88,68,54,54,139,100,88,68,139,62
Medicine cabinet,Sink faucet - hot,Sink faucet - cold,Medicine cabinet,Sink faucet - cold,Sink faucet - hot,Door,Door,Jewelry box,Toilet Flush,Sink faucet - cold,Sink faucet - hot,Jewelry box,Drawer
16:10:11,16:10:16,16:10:59,16:11:36,16:14:55,16:14:57,16:17:18,16:18:31,16:18:59,16:23:59,16:24:19,16:24:22,16:25:51,16:25:52
16:11:36,16:11:2,16:11:30,20:9:34,16:14:58,16:15:0,16:17:20,16:18:35,16:22:34,18:44:58,16:24:23,16:24:25,18:41:41,21:5:39
Bathing,4/9/2003,19:38:44,20:1:52
101,130,93,100,93,93
Light switch,Door,Shower faucet,Toilet Flush,Shower faucet,Shower faucet
19:39:51,19:39:58,19:39:59,19:44:39,19:47:42,19:51:35
20:11:22,19:42:44,19:47:41,20:11:12,19:49:7,20:0:13
Preparing lunch,4/9/2003,18:46:34,19:36:1
131,137,130,55,131,137,55,84,137
Toaster,Freezer,Door,Cabinet,Toaster,Freezer,Cabinet,Drawer,Freezer
18:48:18,18:48:18,18:48:54,19:0:25,19:0:32,19:32:2,19:32:5,19:32:11,19:36:0
18:48:28,19:31:59,18:49:13,19:0:28,19:0:42,19:32:41,19:32:9,19:32:16,19:36:11
Toileting,4/9/2003,18:42:46,18:45:58
92,75,130,130,68
Light switch,Drawer,Door,Door,Sink faucet - hot
18:41:52,18:44:2,18:44:38,18:44:40,18:45:9
20:15:8,18:44:3,18:44:39,18:45:22,18:45:19
Toileting,4/10/2003,14:31:1,14:51:8
130,88,68,140
Door,Sink faucet - cold,Sink faucet - hot,Door
14:42:35,14:43:4,14:43:7,14:43:38
17:31:47,14:43:9,14:43:12,14:43:41
Grooming,4/10/2003,17:19:14,17:38:54
140,57,58
Door,Medicine cabinet,Medicine cabinet
17:31:0,17:31:26,17:31:27
17:31:3,17:31:29,17:31:28
Toileting,4/10/2003,17:53:39,18:8:0
130,100,68
Door,Toilet Flush,Sink faucet - hot
18:2:19,18:2:46,18:2:51
18:3:11,18:29:51,18:3:3
Toileting,4/10/2003,20:20:35,20:34:33
101,79,139,100,67
Light switch,Cabinet,Jewelry box,Toilet Flush,Cabinet
20:24:44,20:24:54,20:25:56,20:28:23,20:28:25
20:59:11,20:25:4,20:25:58,21:11:10,20:28:26
Preparing breakfast,4/10/2003,9:21:30,9:30:57
131,119,59,73,105,55,84,131,70,91,137
Toaster,Coffee machine,Cabinet,Cabinet,Light switch,Cabinet,Drawer,Toaster,Dishwasher,Refrigerator,Freezer
9:23:33,9:24:17,9:24:22,9:24:52,9:27:9,9:28:6,9:28:8,9:28:17,9:28:34,9:28:56,9:29:9
9:23:35,9:25:34,9:24:24,9:25:35,12:45:56,9:28:7,9:28:11,9:28:22,10:57:50,9:29:9,11:7:21
Doing laundry,4/10/2003,14:8:8,14:25:3
140,90,141,142
Door,Laundry Dryer,Door,Washing Machine
14:10:53,14:15:37,14:15:38,14:17:59
14:10:55,14:18:11,14:19:5,14:19:1
Doing laundry,4/10/2003,9:41:10,9:48:19
90,141,142,142
Laundry Dryer,Door,Washing Machine,Washing Machine
9:43:7,9:43:8,9:43:8,9:47:15
9:43:39,9:47:33,9:44:52,9:47:31
Doing laundry,4/10/2003,10:35:20,10:43:21
90,141,142
Laundry Dryer,Door,Washing Machine
10:37:42,10:37:43,10:40:2
10:40:19,10:41:31,10:40:34
Dressing,4/10/2003,8:20:38,8:21:45
82,130,82
Drawer,Door,Drawer
8:20:41,8:21:0,8:21:36
8:20:45,8:21:11,8:21:38
Toileting,4/10/2003,8:18:11,8:20:8
130,67,100,88,68,57,67,82,130
Door,Cabinet,Toilet Flush,Sink faucet - cold,Sink faucet - hot,Medicine cabinet,Cabinet,Drawer,Door
8:18:20,8:18:48,8:19:9,8:19:10,8:19:13,8:19:23,8:19:24,8:20:41,8:21:0
8:20:4,8:18:51,11:20:51,8:19:15,8:19:17,10:11:39,8:19:28,8:20:45,8:21:11
Grooming,4/10/2003,10:10:47,10:15:8
120,101,58,130,68,88,130,130,67,130,130,57,79
Light switch,Light switch,Medicine cabinet,Door,Sink faucet - hot,Sink faucet - cold,Door,Door,Cabinet,Door,Door,Medicine cabinet,Cabinet
10:11:34,10:11:38,10:11:40,10:11:41,10:11:45,10:12:26,10:13:30,10:13:33,10:13:36,10:13:37,10:13:47,10:14:17,10:14:21
13:33:11,13:14:3,10:14:17,10:13:29,10:12:28,10:12:52,10:13:31,10:13:35,10:13:38,10:13:39,10:13:51,10:23:7,10:14:29
Preparing a beverage,4/10/2003,10:19:32,10:22:29
119,61
Coffee machine,Cabinet
10:19:54,10:21:52
10:20:5,10:22:2
Cleaning,4/10/2003,12:56:34,13:21:12
130,93,79,67,68,100,108,88,61,93,79,58,108
Door,Shower faucet,Cabinet,Cabinet,Sink faucet - hot,Toilet Flush,Light switch,Sink faucet - cold,Cabinet,Shower faucet,Cabinet,Medicine cabinet,Light switch
12:58:2,12:58:37,12:58:54,12:59:24,12:59:57,13:0:3,13:1:42,13:2:19,13:3:28,13:7:56,13:10:34,13:13:32,13:19:33
12:58:3,12:58:50,12:59:7,12:59:26,13:2:21,13:2:12,13:14:57,13:2:28,13:3:40,20:24:50,13:10:51,13:14:0,13:19:35
Doing laundry,4/10/2003,11:51:38,11:55:26
86,146,82,90,141,142,67
Drawer,Drawer,Drawer,Laundry Dryer,Door,Washing Machine,Cabinet
11:51:46,11:52:45,11:52:48,11:53:30,11:53:31,11:54:9,11:55:20
11:51:52,11:52:46,11:52:49,11:54:26,11:55:12,11:55:9,11:55:22
Cleaning,4/10/2003,11:56:6,12:7:23
67,93,88,68,88,68,88,68,137,88,68
Cabinet,Shower faucet,Sink faucet - cold,Sink faucet - hot,Sink faucet - cold,Sink faucet - hot,Sink faucet - cold,Sink faucet - hot,Freezer,Sink faucet - cold,Sink faucet - hot
11:55:20,11:56:43,11:56:46,11:56:49,11:57:51,11:57:53,12:1:53,12:1:55,12:3:4,12:5:10,12:5:13
11:55:22,12:58:17,11:57:29,11:57:32,12:0:44,12:0:46,12:2:4,12:2:6,12:3:8,12:5:22,12:5:25
Cleaning,4/10/2003,10:57:10,11:17:48
78,73,83,51,80,53,55,63,84,70,66,70,138,132,80,63,63,70,138,132,73,72,55,70,91,131,131,131,59,66,131,131,131,131,131
Drawer,Cabinet,Cabinet,Cabinet,Cabinet,Cabinet,Cabinet,Cabinet,Drawer,Dishwasher,Cabinet,Dishwasher,Cabinet,Cabinet,Cabinet,Cabinet,Cabinet,Dishwasher,Cabinet,Cabinet,Cabinet,Cabinet,Cabinet,Dishwasher,Refrigerator,Toaster,Toaster,Toaster,Cabinet,Cabinet,Toaster,Toaster,Toaster,Toaster,Toaster
10:58:0,10:58:1,10:58:17,10:58:27,10:58:46,10:58:59,10:59:4,10:59:23,10:59:55,11:1:38,11:2:12,11:2:20,11:2:52,11:2:55,11:3:11,11:3:12,11:4:0,11:4:47,11:5:3,11:5:5,11:5:10,11:5:13,11:5:16,11:6:17,11:7:17,11:8:28,11:10:1,11:10:4,11:10:23,11:10:25,11:12:46,11:14:53,11:15:31,11:17:3,11:17:31
10:58:3,10:58:14,10:58:22,10:58:32,11:2:8,11:1:38,11:1:38,10:59:29,11:0:36,11:1:41,11:2:27,11:4:34,11:3:7,11:3:8,11:3:37,11:3:37,11:4:5,11:6:10,11:5:10,11:5:12,11:5:13,11:5:15,11:5:20,12:31:34,11:7:22,11:8:33,11:10:3,11:10:51,11:10:24,11:10:27,11:13:58,11:15:28,11:16:54,11:17:19,13:29:54
Cleaning,4/10/2003,11:19:40,11:25:2
130,88,68,79,88,68,88,68,58,57,79,79,79,53,55,84,91,91,143
Door,Sink faucet - cold,Sink faucet - hot,Cabinet,Sink faucet - cold,Sink faucet - hot,Sink faucet - cold,Sink faucet - hot,Medicine cabinet,Medicine cabinet,Cabinet,Cabinet,Cabinet,Cabinet,Cabinet,Drawer,Refrigerator,Refrigerator,Microwave
11:20:14,11:20:54,11:20:57,11:21:14,11:21:18,11:21:20,11:22:16,11:22:19,11:22:40,11:22:48,11:23:4,11:23:16,11:24:13,11:25:4,11:25:4,11:25:7,11:25:17,11:25:52,11:25:56
11:20:16,11:21:6,11:21:8,11:21:17,11:21:53,11:21:56,11:22:35,11:22:38,11:22:47,12:24:21,11:23:7,11:23:18,11:24:36,11:25:7,11:25:5,11:25:10,11:25:20,11:25:55,11:25:58
Preparing lunch,4/10/2003,12:23:56,12:48:46
58,57,80,59,66,95,63,106,94,53,84,52,55,80,70,90,141,91,137,91,91,126,91,137,91,143,90,142,143,142,70
Medicine cabinet,Medicine cabinet,Cabinet,Cabinet,Cabinet,Light switch,Cabinet,Burner,Burner,Cabinet,Drawer,Drawer,Cabinet,Cabinet,Dishwasher,Laundry Dryer,Door,Refrigerator,Freezer,Refrigerator,Refrigerator,Refrigerator,Refrigerator,Freezer,Refrigerator,Microwave,Laundry Dryer,Washing Machine,Microwave,Washing Machine,Dishwasher
12:24:22,12:24:57,12:26:9,12:26:50,12:26:51,12:27:6,12:27:8,12:29:39,12:29:59,12:32:4,12:32:54,12:33:16,12:33:17,12:33:32,12:34:58,12:35:35,12:35:36,12:38:55,12:38:58,12:39:8,12:39:25,12:39:28,12:40:8,12:40:11,12:40:24,12:40:30,12:41:10,12:41:11,12:41:15,12:44:34,12:45:34
12:24:56,13:14:0,12:26:11,12:26:54,12:26:57,13:33:13,12:27:12,13:33:11,13:33:7,12:34:15,12:33:12,12:33:18,12:35:9,12:33:40,12:45:26,12:35:54,12:45:24,12:38:59,12:39:33,12:39:11,12:39:34,12:40:8,12:40:11,12:40:26,12:40:26,12:40:34,12:44:55,12:41:12,12:41:36,12:45:22,18:38:44
Dressing,4/10/2003,13:22:43,13:29:40
108,108,108,100,57,82,108,146,75,131
Light switch,Light switch,Light switch,Toilet Flush,Medicine cabinet,Drawer,Light switch,Drawer,Drawer,Toaster
13:23:17,13:23:18,13:23:32,13:23:47,13:24:7,13:24:56,13:25:26,13:26:16,13:28:33,13:30:34
13:23:18,13:23:28,13:25:22,14:43:0,13:24:40,13:25:5,14:6:46,13:26:19,13:28:46,13:30:38
Toileting,4/10/2003,18:29:13,18:30:29
130,88,68,92,94
Door,Sink faucet - cold,Sink faucet - hot,Light switch,Burner
18:29:21,18:29:54,18:29:57,18:30:28,18:31:26
18:30:13,18:30:2,18:30:5,21:1:1,19:31:58
Preparing dinner,4/10/2003,18:31:17,18:47:0
92,94,106,90,141,142,139,91,137,70,80,91,91,126,137,91,91,143,143
Light switch,Burner,Burner,Laundry Dryer,Door,Washing Machine,Jewelry box,Refrigerator,Freezer,Dishwasher,Cabinet,Refrigerator,Refrigerator,Refrigerator,Freezer,Refrigerator,Refrigerator,Microwave,Microwave
18:30:28,18:31:26,18:31:33,18:31:49,18:31:50,18:32:16,18:38:8,18:38:39,18:38:41,18:38:50,18:40:56,18:41:4,18:41:54,18:42:6,18:42:10,18:42:55,18:43:10,18:43:14,18:43:52
21:1:1,19:31:58,19:32:40,18:32:10,18:32:19,18:32:17,18:38:9,18:38:42,18:38:56,21:7:45,18:40:58,18:41:27,18:42:10,18:42:55,18:42:58,18:42:59,18:43:14,18:43:17,18:43:59
Doing laundry,4/10/2003,19:10:4,19:15:51
90,141,142,100,88,68,130,130,141,142
Laundry Dryer,Door,Washing Machine,Toilet Flush,Sink faucet - cold,Sink faucet - hot,Door,Door,Door,Washing Machine
19:12:1,19:12:3,19:12:56,19:16:3,19:16:7,19:16:10,19:16:16,19:16:17,19:16:37,19:16:39
19:13:48,19:15:30,19:15:27,19:59:44,19:16:15,19:16:18,19:16:17,19:16:18,19:16:46,19:16:43
Toileting,4/10/2003,19:16:1,19:16:30
100,88,68,130,130,141,142
Toilet Flush,Sink faucet - cold,Sink faucet - hot,Door,Door,Door,Washing Machine
19:16:3,19:16:7,19:16:10,19:16:16,19:16:17,19:16:37,19:16:39
19:59:44,19:16:15,19:16:18,19:16:17,19:16:18,19:16:46,19:16:43
Preparing a snack,4/10/2003,19:58:42,20:1:10
90,141,68,84,72
Laundry Dryer,Door,Sink faucet - hot,Drawer,Cabinet
19:59:4,19:59:5,19:59:50,20:0:5,20:0:15
19:59:9,19:59:16,19:59:55,20:0:8,20:0:28
Toileting,4/10/2003,20:57:20,20:59:33
58,57,68
Medicine cabinet,Medicine cabinet,Sink faucet - hot
20:57:45,20:57:46,20:57:53
20:58:53,20:58:53,20:58:32
Dressing,4/10/2003,21:4:35,21:7:38
75,62,82,71,66,63
Drawer,Drawer,Drawer,Drawer,Cabinet,Cabinet
21:5:26,21:5:41,21:5:43,21:7:14,21:8:20,21:8:35
21:5:29,21:6:2,21:5:44,21:7:30,21:8:28,21:8:37
Washing dishes,4/10/2003,21:7:58,21:10:13
71,66,63,57
Drawer,Cabinet,Cabinet,Medicine cabinet
21:7:14,21:8:20,21:8:35,21:11:9
21:7:30,21:8:28,21:8:37,21:11:21
Toileting,4/11/2003,8:58:53,9:11:32
68,88,100
Sink faucet - hot,Sink faucet - cold,Toilet Flush
9:4:39,9:4:52,9:6:17
9:5:7,9:5:5,9:7:45
Doing laundry,4/11/2003,9:39:45,9:43:27
82,88,100,90,141
Drawer,Sink faucet - cold,Toilet Flush,Laundry Dryer,Door
9:38:49,9:40:2,9:40:20,9:42:4,9:42:5
9:47:28,9:47:2,9:40:21,9:42:11,9:42:19
Cleaning,4/11/2003,10:14:45,10:26:14
66,70,91,90,141,142,72,95,70,143,70,54
Cabinet,Dishwasher,Refrigerator,Laundry Dryer,Door,Washing Machine,Cabinet,Light switch,Dishwasher,Microwave,Dishwasher,Door
10:16:15,10:16:22,10:16:38,10:17:19,10:17:20,10:19:22,10:20:31,10:20:57,10:22:0,10:24:17,10:25:9,10:25:51
10:16:29,10:21:57,10:16:40,10:19:35,10:20:26,10:20:23,10:20:33,11:34:57,10:25:6,10:24:41,13:26:20,10:25:54
Preparing lunch,4/11/2003,12:6:48,12:40:13
140,137,91,137,84,143,143,91,59
Door,Freezer,Refrigerator,Freezer,Drawer,Microwave,Microwave,Refrigerator,Cabinet
12:17:23,12:19:1,12:19:3,12:19:6,12:19:10,12:19:21,12:22:35,12:23:22,12:31:9
12:17:27,12:19:2,12:19:7,12:23:35,12:19:14,12:19:24,12:22:41,12:23:36,12:31:21
Toileting,4/11/2003,19:55:59,20:13:59
101,88,68,140
Light switch,Sink faucet - cold,Sink faucet - hot,Door
20:4:29,20:5:2,20:5:5,20:7:30
20:5:18,20:5:12,20:5:14,20:7:35
Watching TV,4/11/2003,13:25:41,13:45:44
81,53,84,80,70,73,95,59,66,66,66,66,76
Closet,Cabinet,Drawer,Cabinet,Dishwasher,Cabinet,Light switch,Cabinet,Cabinet,Cabinet,Cabinet,Cabinet,Lamp
13:26:3,13:26:29,13:26:34,13:27:49,13:28:35,13:29:23,13:30:7,13:30:18,13:30:19,13:30:55,13:31:59,13:32:41,13:36:54
13:26:13,13:26:32,13:28:30,13:27:59,13:28:45,13:29:24,16:3:24,13:30:19,13:30:22,13:31:3,13:32:7,13:33:8,16:0:1
Preparing a beverage,4/11/2003,20:19:4,20:34:0
140,104,95,53,84,53,91,80,61,91,107,92
Door,Light switch,Light switch,Cabinet,Drawer,Cabinet,Refrigerator,Cabinet,Cabinet,Refrigerator,Light switch,Light switch
20:25:31,20:25:42,20:25:57,20:26:7,20:26:11,20:26:20,20:26:35,20:26:40,20:26:53,20:27:30,20:28:45,20:31:0
20:25:36,22:22:26,22:17:17,20:26:10,20:26:26,20:26:23,20:26:40,20:26:42,20:27:5,20:27:34,22:23:55,20:31:4
Doing laundry,4/11/2003,12:58:23,13:9:44
90,141,81,142,84,81
Laundry Dryer,Door,Closet,Washing Machine,Drawer,Closet
13:3:2,13:3:4,13:4:58,13:5:20,13:6:10,13:8:55
13:5:26,13:6:0,13:5:9,13:5:58,13:6:13,13:24:43
Toileting,4/11/2003,17:46:21,17:49:55
140,101,68
Door,Light switch,Sink faucet - hot
17:47:5,17:47:25,17:48:20
17:47:9,17:48:35,17:48:34
Grooming,4/11/2003,22:14:13,22:26:46
139,81,101,88,68,57,58,81,88,68,88,68,67,88,68,57,71
Jewelry box,Closet,Light switch,Sink faucet - cold,Sink faucet - hot,Medicine cabinet,Medicine cabinet,Closet,Sink faucet - cold,Sink faucet - hot,Sink faucet - cold,Sink faucet - hot,Cabinet,Sink faucet - cold,Sink faucet - hot,Medicine cabinet,Drawer
22:17:0,22:17:7,22:17:34,22:17:34,22:17:36,22:17:39,22:17:39,22:17:50,22:18:30,22:18:32,22:19:46,22:19:49,22:21:9,22:21:54,22:21:57,22:22:16,22:24:5
22:17:1,22:17:13,22:22:21,22:18:24,22:18:26,22:21:7,22:21:7,22:17:55,22:19:5,22:19:8,22:20:6,22:20:8,22:21:12,22:21:58,22:22:1,22:22:17,22:24:17
Grooming,4/11/2003,11:15:26,11:35:34
82,57,58,67,68,57,58,68,68,146,139
Drawer,Medicine cabinet,Medicine cabinet,Cabinet,Sink faucet - hot,Medicine cabinet,Medicine cabinet,Sink faucet - hot,Sink faucet - hot,Drawer,Jewelry box
11:20:6,11:21:12,11:21:13,11:22:12,11:23:19,11:24:8,11:24:8,11:24:43,11:26:3,11:26:28,11:32:50
14:31:54,11:22:9,11:22:9,11:22:29,11:23:34,11:25:40,11:25:39,11:25:13,11:26:4,11:26:31,11:33:21
Bathing,4/11/2003,14:33:49,15:19:19
81,79,79,139,70,57,58,59,66,57,96,58,57,104,82,82,62,57,70,137
Closet,Cabinet,Cabinet,Jewelry box,Dishwasher,Medicine cabinet,Medicine cabinet,Cabinet,Cabinet,Medicine cabinet,Exhaust Fan,Medicine cabinet,Medicine cabinet,Light switch,Drawer,Drawer,Drawer,Medicine cabinet,Dishwasher,Freezer
14:34:19,14:35:31,14:36:7,14:36:28,14:36:55,14:39:39,14:39:40,14:40:47,14:40:49,14:56:19,15:9:17,15:11:41,15:12:16,15:15:2,15:15:46,15:16:4,15:16:17,15:17:12,15:17:29,15:19:46
14:34:26,14:35:41,14:36:19,14:36:32,15:17:25,14:40:28,14:40:28,14:41:27,14:41:30,14:56:21,15:32:28,15:12:15,15:16:48,15:15:4,15:16:2,17:52:45,17:51:8,15:43:33,15:41:44,15:20:9
Preparing a beverage,4/11/2003,8:24:5,8:25:4
68,80,61
Sink faucet - hot,Cabinet,Cabinet
8:24:11,8:24:31,8:24:41
8:24:17,8:24:34,8:24:52
Toileting,4/11/2003,8:25:54,8:26:50
100,88
Toilet Flush,Sink faucet - cold
8:26:11,8:26:11
8:26:12,8:26:48
Toileting,4/11/2003,9:46:25,9:48:6
58,57,57,82,68
Medicine cabinet,Medicine cabinet,Medicine cabinet,Drawer,Sink faucet - hot
9:46:46,9:46:48,9:47:1,9:47:30,9:47:41
9:47:0,9:46:58,10:45:52,11:19:57,9:48:6
Preparing breakfast,4/11/2003,9:49:47,10:4:9
131,75,105,131,137,70,131,68,143,84,53,80,70,53,72,84,80,91,51,91,137
Toaster,Drawer,Light switch,Toaster,Freezer,Dishwasher,Toaster,Sink faucet - hot,Microwave,Drawer,Cabinet,Cabinet,Dishwasher,Cabinet,Cabinet,Drawer,Cabinet,Refrigerator,Cabinet,Refrigerator,Freezer
9:50:6,9:50:38,9:50:43,9:50:50,9:51:44,9:51:53,9:51:59,9:54:39,9:55:2,9:55:11,9:55:17,9:55:24,9:56:41,9:57:27,9:57:57,10:0:23,10:1:4,10:1:13,10:1:43,10:2:4,10:2:7
9:50:49,9:50:50,11:32:36,9:50:55,10:1:41,9:54:51,17:45:48,9:55:10,9:55:8,9:55:16,9:56:40,9:55:28,10:15:53,9:57:32,9:57:59,10:0:26,10:1:6,10:1:42,10:1:45,10:2:8,10:16:39
Cleaning,4/11/2003,13:17:55,14:30:42
84,135,81,53,84,80,70,73,95,59,66,66,66,66,76,91,126,137,53,91,143,143,80,91,137,91,140,140,59,70,90,141
Drawer,Drawer,Closet,Cabinet,Drawer,Cabinet,Dishwasher,Cabinet,Light switch,Cabinet,Cabinet,Cabinet,Cabinet,Cabinet,Lamp,Refrigerator,Refrigerator,Freezer,Cabinet,Refrigerator,Microwave,Microwave,Cabinet,Refrigerator,Freezer,Refrigerator,Door,Door,Cabinet,Dishwasher,Laundry Dryer,Door
13:19:58,13:23:52,13:26:3,13:26:29,13:26:34,13:27:49,13:28:35,13:29:23,13:30:7,13:30:18,13:30:19,13:30:55,13:31:59,13:32:41,13:36:54,14:21:27,14:21:48,14:21:53,14:22:4,14:23:24,14:23:28,14:24:6,14:24:25,14:24:36,14:24:39,14:24:57,14:25:28,14:26:16,14:30:8,14:30:53,14:31:32,14:31:33
13:20:8,13:23:57,13:26:13,13:26:32,13:28:30,13:27:59,13:28:45,13:29:24,16:3:24,13:30:19,13:30:22,13:31:3,13:32:7,13:33:8,16:0:1,14:21:53,14:23:23,14:23:25,14:22:7,14:23:26,14:23:30,14:24:9,14:24:29,14:24:40,14:24:59,14:25:0,14:25:31,14:26:19,14:30:12,14:36:50,14:31:39,14:31:47
Dressing,4/11/2003,15:55:41,16:0:47
57,100,88,68,75,86,75,92,101,139,140
Medicine cabinet,Toilet Flush,Sink faucet - cold,Sink faucet - hot,Drawer,Drawer,Drawer,Light switch,Light switch,Jewelry box,Door
15:54:49,15:55:13,15:55:15,15:55:17,15:56:1,15:56:41,15:57:3,15:57:13,15:57:59,15:59:35,16:1:28
15:54:51,17:47:59,15:55:20,15:55:22,15:56:11,15:56:49,15:57:12,15:59:34,15:59:17,15:59:44,16:1:30
Grooming,4/11/2003,15:52:23,15:55:35
67,67,57,100,88,68,75
Cabinet,Cabinet,Medicine cabinet,Toilet Flush,Sink faucet - cold,Sink faucet - hot,Drawer
15:53:32,15:54:28,15:54:49,15:55:13,15:55:15,15:55:17,15:56:1
15:53:40,15:54:43,15:54:51,17:47:59,15:55:20,15:55:22,15:56:11
Preparing dinner,4/11/2003,19:33:54,19:52:36
93,93,93,93,55,80,91,137,96,84,91,141
Shower faucet,Shower faucet,Shower faucet,Shower faucet,Cabinet,Cabinet,Refrigerator,Freezer,Exhaust Fan,Drawer,Refrigerator,Door
19:33:9,19:33:32,19:33:35,19:33:58,19:34:19,19:34:30,19:34:38,19:34:57,19:49:30,19:50:47,19:51:27,19:51:49
19:33:32,19:33:34,19:33:51,19:37:47,19:34:28,19:34:33,19:34:58,19:51:34,19:49:44,19:50:52,19:51:40,19:52:1
Dressing,4/11/2003,19:27:57,19:31:55
75,96,67,79,100,86,57,68,68,58,105
Drawer,Exhaust Fan,Cabinet,Cabinet,Toilet Flush,Drawer,Medicine cabinet,Sink faucet - hot,Sink faucet - hot,Medicine cabinet,Light switch
19:28:54,19:29:4,19:29:17,19:29:17,19:31:10,19:31:27,19:31:36,19:31:53,19:32:20,19:32:39,19:32:50
19:28:59,19:39:25,19:29:19,19:29:20,20:4:54,19:31:31,19:49:39,19:31:54,19:32:34,19:49:38,20:29:11
Bathing,3/27/2003,7:1:5,7:16:35
54,93,72,67
Door,Shower faucet,Cabinet,Cabinet
7:4:55,7:5:22,7:5:39,7:11:23
7:4:57,7:5:24,7:5:57,7:11:27
Toileting,3/27/2003,17:33:30,17:53:22
130,100
Door,Toilet Flush
17:43:10,17:43:13
17:43:12,18:41:3
Preparing a beverage,3/27/2003,16:27:17,16:48:55
140,92,91,80,91
Door,Light switch,Refrigerator,Cabinet,Refrigerator
16:27:59,16:28:23,16:35:40,16:35:49,16:36:5
16:28:3,18:44:14,16:35:45,16:35:50,16:36:9
Toileting,3/27/2003,6:42:4,6:45:55
67,100,101,57,58,67,82,71
Cabinet,Toilet Flush,Light switch,Medicine cabinet,Medicine cabinet,Cabinet,Drawer,Drawer
6:43:40,6:44:6,6:44:20,6:44:35,6:44:36,6:44:49,6:45:45,6:46:12
6:43:43,7:12:41,7:46:34,6:44:48,6:44:48,6:44:56,6:45:48,6:46:20
Going out to work,3/27/2003,7:47:41,7:51:25
140
Door
7:48:49
7:48:53
Preparing breakfast,3/27/2003,7:38:29,7:41:49
84,72,73,70,135,91,73,58
Drawer,Cabinet,Cabinet,Dishwasher,Drawer,Refrigerator,Cabinet,Medicine cabinet
7:38:48,7:39:7,7:39:14,7:40:32,7:40:46,7:41:8,7:41:36,7:42:38
7:38:51,7:40:27,7:39:17,7:40:34,7:40:49,7:41:16,7:41:37,7:43:52
Dressing,3/27/2003,7:34:56,7:37:50
57,100,82,75,82,75,84
Medicine cabinet,Toilet Flush,Drawer,Drawer,Drawer,Drawer,Drawer
7:34:5,7:34:47,7:35:27,7:35:50,7:36:23,7:37:18,7:38:48
7:42:38,12:26:27,7:35:34,7:35:56,7:36:27,7:37:43,7:38:51
Preparing breakfast,3/27/2003,6:50:8,6:57:56
80,143,55,54
Cabinet,Microwave,Cabinet,Door
6:51:43,6:54:9,6:54:16,6:57:5
6:51:46,13:7:43,6:54:19,6:57:8
Grooming,3/27/2003,7:42:26,7:44:31
73,58,88,68,57,57
Cabinet,Medicine cabinet,Sink faucet - cold,Sink faucet - hot,Medicine cabinet,Medicine cabinet
7:41:36,7:42:38,7:43:22,7:43:23,7:43:52,7:44:10
7:41:37,7:43:52,7:43:48,7:43:48,7:44:6,12:26:50
Preparing lunch,3/27/2003,11:31:37,12:5:18
140,137,73,55,94,91,84,55,84,95,55,91,137,72,137,55,84,84,137,55,53,70,91,137,84,62
Door,Freezer,Cabinet,Cabinet,Burner,Refrigerator,Drawer,Cabinet,Drawer,Light switch,Cabinet,Refrigerator,Freezer,Cabinet,Freezer,Cabinet,Drawer,Drawer,Freezer,Cabinet,Cabinet,Dishwasher,Refrigerator,Freezer,Drawer,Drawer
11:35:24,11:36:15,11:36:21,11:36:39,11:37:13,11:38:5,11:38:21,11:38:48,11:38:52,11:38:54,11:39:43,11:39:52,11:45:3,11:45:39,11:45:44,11:47:14,11:51:47,11:52:49,11:55:8,11:55:40,11:55:42,11:56:36,11:57:19,11:57:22,12:1:53,12:2:8
11:35:26,11:36:21,11:36:23,11:36:48,11:42:24,11:38:10,11:38:24,11:38:51,11:38:56,12:31:5,11:39:46,11:40:5,11:45:24,11:45:44,11:45:47,11:47:18,11:51:49,11:52:52,11:55:36,11:55:42,11:55:44,11:57:0,11:57:22,16:35:46,12:1:57,12:2:12
Going out to work,3/27/2003,12:31:17,12:32:49
91,140
Refrigerator,Door
12:31:44,12:32:8
12:31:50,12:32:11
Grooming,3/27/2003,12:24:8,12:29:27
70,66,88,68,57
Dishwasher,Cabinet,Sink faucet - cold,Sink faucet - hot,Medicine cabinet
12:25:11,12:25:28,12:26:41,12:26:42,12:27:11
12:25:38,12:25:44,12:26:45,12:26:45,18:41:17
Washing dishes,3/27/2003,18:26:57,18:33:42
70,66
Dishwasher,Cabinet
18:32:18,18:32:28
18:32:40,18:32:47
Grooming,3/27/2003,18:38:34,18:43:15
58,57,101,101
Medicine cabinet,Medicine cabinet,Light switch,Light switch
18:41:17,18:41:33,18:41:34,18:42:3
18:41:33,18:42:3,18:42:0,18:42:42
Going out for shopping,3/27/2003,18:44:22,18:48:18
140
Door
18:45:3
18:45:5
Putting away groceries,3/27/2003,19:35:33,19:41:22
140,104,92,105,73,137,78
Door,Light switch,Light switch,Light switch,Cabinet,Freezer,Drawer
19:36:22,19:36:32,19:36:44,19:38:13,19:38:40,19:38:50,19:40:0
19:36:30,19:50:7,19:47:29,19:49:32,19:38:45,19:39:31,19:40:1
Dressing,3/27/2003,19:45:41,19:49:28
137,82,75,92,140,104
Freezer,Drawer,Drawer,Light switch,Door,Light switch
19:44:44,19:46:29,19:46:38,19:48:22,19:50:10,19:50:21
19:49:33,19:46:32,19:46:49,19:48:34,19:50:19,19:50:39
Preparing a beverage,3/28/2003,22:36:0,22:45:19
96,120,53,80,63
Exhaust Fan,Light switch,Cabinet,Cabinet,Cabinet
22:41:7,22:41:14,22:41:16,22:41:18,22:41:19
22:48:13,22:41:41,22:41:18,22:41:27,22:41:31
Preparing lunch,3/28/2003,12:31:28,12:43:40
100,68,73,72,131,137,92,53,84
Toilet Flush,Sink faucet - hot,Cabinet,Cabinet,Toaster,Freezer,Light switch,Cabinet,Drawer
12:31:1,12:31:11,12:31:34,12:31:35,12:32:0,12:32:9,12:34:45,12:43:20,12:43:24
16:34:50,12:31:18,12:31:41,12:31:41,15:10:16,12:32:16,13:38:38,12:43:23,12:43:30
Toileting,3/28/2003,12:30:56,12:31:20
100,68,73,72,131,137
Toilet Flush,Sink faucet - hot,Cabinet,Cabinet,Toaster,Freezer
12:31:1,12:31:11,12:31:34,12:31:35,12:32:0,12:32:9
16:34:50,12:31:18,12:31:41,12:31:41,15:10:16,12:32:16
Washing dishes,3/28/2003,13:38:11,13:39:47
70,140
Dishwasher,Door
13:39:40,13:40:26
13:39:41,13:40:29
Going out to work,3/28/2003,13:40:22,13:42:10
70,140
Dishwasher,Door
13:39:40,13:40:26
13:39:41,13:40:29
Toileting,3/28/2003,16:32:2,16:37:21
57,137
Medicine cabinet,Freezer
16:34:16,16:35:13
18:36:8,16:35:41
Preparing a beverage,3/28/2003,17:38:43,17:40:15
137,91,137,80,91,101
Freezer,Refrigerator,Freezer,Cabinet,Refrigerator,Light switch
17:39:34,17:39:37,17:39:40,17:39:45,17:40:1,17:40:52
17:39:37,17:39:40,19:7:58,17:39:58,17:40:4,17:43:14
Toileting,3/28/2003,17:41:42,17:44:24
101,100,88,68,96
Light switch,Toilet Flush,Sink faucet - cold,Sink faucet - hot,Exhaust Fan
17:40:52,17:42:41,17:42:56,17:42:57,17:43:17
17:43:14,18:37:6,17:43:6,17:43:6,18:25:19
Bathing,3/28/2003,18:23:50,18:52:31
108,93,101,71,67,58,93,93,93,93
Light switch,Shower faucet,Light switch,Drawer,Cabinet,Medicine cabinet,Shower faucet,Shower faucet,Shower faucet,Shower faucet
18:24:48,18:25:6,18:25:18,18:25:26,18:34:41,18:36:8,18:39:4,18:39:7,18:39:23,18:45:41
19:55:44,18:28:11,20:51:26,18:25:33,18:34:43,18:36:16,18:39:5,18:39:9,18:39:48,18:50:48
Dressing,3/28/2003,19:1:12,19:10:46
58,67,82,57,58,137,129
Medicine cabinet,Cabinet,Drawer,Medicine cabinet,Medicine cabinet,Freezer,Oven
19:1:52,19:2:24,19:5:30,19:6:41,19:6:41,19:8:3,19:9:26
19:2:18,19:2:26,19:5:41,19:7:13,19:7:13,19:45:13,19:9:30
Preparing a snack,3/28/2003,18:13:50,18:17:45
120,84,72
Light switch,Drawer,Cabinet
18:15:57,18:15:58,18:16:8
18:17:6,18:16:4,18:16:57
Watching TV,3/28/2003,19:54:36,19:59:39
56
DVD
19:55:24
19:55:29
Preparing dinner,3/28/2003,19:44:7,19:53:47
73,72,91,53,91,137,53,129,91,129,80,91,137,53,55,84,91
Cabinet,Cabinet,Refrigerator,Cabinet,Refrigerator,Freezer,Cabinet,Oven,Refrigerator,Oven,Cabinet,Refrigerator,Freezer,Cabinet,Cabinet,Drawer,Refrigerator
19:44:49,19:44:51,19:45:6,19:45:33,19:46:17,19:46:21,19:46:41,19:47:17,19:50:35,19:50:58,19:51:9,19:51:28,19:51:43,19:51:47,19:51:48,19:51:58,19:53:17
19:44:59,19:44:58,19:45:13,19:45:40,19:46:20,19:50:38,19:46:44,19:47:19,19:50:38,19:51:2,19:51:11,19:51:43,19:53:22,19:51:49,19:51:53,19:52:1,19:53:22
Toileting,3/28/2003,20:50:26,20:51:29
100,88,68,91,63,80
Toilet Flush,Sink faucet - cold,Sink faucet - hot,Refrigerator,Cabinet,Cabinet
20:51:2,20:51:9,20:51:10,20:51:42,20:51:50,20:51:53
22:16:0,20:51:17,20:51:17,20:51:45,20:52:5,20:52:5
Cleaning,3/28/2003,20:51:38,20:55:0
100,88,68,91,63,80,91,72,73,55,84,72,84
Toilet Flush,Sink faucet - cold,Sink faucet - hot,Refrigerator,Cabinet,Cabinet,Refrigerator,Cabinet,Cabinet,Cabinet,Drawer,Cabinet,Drawer
20:51:2,20:51:9,20:51:10,20:51:42,20:51:50,20:51:53,20:52:32,20:52:36,20:52:53,20:53:1,20:53:19,20:53:44,20:54:46
22:16:0,20:51:17,20:51:17,20:51:45,20:52:5,20:52:5,20:52:36,20:52:55,20:52:56,20:53:14,20:53:23,20:54:43,20:54:48
Grooming,3/28/2003,22:9:28,22:34:20
71,101,91,57,58,68,67,68,58,57,68,96
Drawer,Light switch,Refrigerator,Medicine cabinet,Medicine cabinet,Sink faucet - hot,Cabinet,Sink faucet - hot,Medicine cabinet,Medicine cabinet,Sink faucet - hot,Exhaust Fan
22:10:59,22:11:54,22:12:15,22:12:28,22:13:46,22:13:50,22:14:12,22:16:16,22:27:22,22:29:32,22:29:38,22:32:11
22:11:13,22:32:13,22:12:18,22:15:35,22:15:36,22:14:20,22:14:17,22:16:20,22:29:32,22:30:2,22:29:54,22:32:12
Grooming,3/29/2003,6:26:17,6:39:21
67,68
Cabinet,Sink faucet - hot
6:29:25,6:37:48
6:29:28,6:37:59
Toileting,3/29/2003,8:22:58,8:26:23
100
Toilet Flush
8:24:51
8:24:52
Toileting,3/29/2003,11:43:37,12:12:21
53,80,91,91,137,91,137,58,57,100,140
Cabinet,Cabinet,Refrigerator,Refrigerator,Freezer,Refrigerator,Freezer,Medicine cabinet,Medicine cabinet,Toilet Flush,Door
11:43:16,11:46:12,11:57:36,11:58:58,11:59:12,11:59:23,11:59:27,11:59:36,12:0:9,12:0:31,12:2:26
11:43:23,11:46:55,11:57:39,11:59:12,11:59:18,11:59:27,12:56:59,12:0:9,16:1:22,15:37:10,12:2:28
Toileting,3/29/2003,22:8:58,22:36:14
140,139,96,76,68,57,67,100,68,71
Door,Jewelry box,Exhaust Fan,Lamp,Sink faucet - hot,Medicine cabinet,Cabinet,Toilet Flush,Sink faucet - hot,Drawer
22:11:52,22:12:9,22:13:20,22:19:5,22:25:39,22:27:34,22:27:45,22:28:40,22:28:44,22:29:46
22:11:57,22:12:14,22:16:35,23:11:47,22:26:13,23:7:47,22:27:50,22:28:41,22:28:47,22:29:52
Toileting,3/29/2003,22:59:58,23:22:38
96,68,58,100
Exhaust Fan,Sink faucet - hot,Medicine cabinet,Toilet Flush
23:7:0,23:7:20,23:7:46,23:10:48
23:11:7,23:7:36,23:9:25,23:10:49
Going out for entertainment,3/29/2003,18:47:45,18:54:42
139,139,76,104,107,140
Jewelry box,Jewelry box,Lamp,Light switch,Light switch,Door
18:48:31,18:48:40,18:50:14,18:50:39,18:50:43,18:52:12
18:48:38,18:48:44,22:18:59,18:52:9,18:51:9,18:52:17
Watching TV,3/29/2003,13:42:44,14:20:29
54,54,54,137,129,55,53,55,84,53,55,84,53,91,91,137,129,72,137,56,54,54,54,54,137,53,70,54,54,54,54,54,129
Door,Door,Door,Freezer,Oven,Cabinet,Cabinet,Cabinet,Drawer,Cabinet,Cabinet,Drawer,Cabinet,Refrigerator,Refrigerator,Freezer,Oven,Cabinet,Freezer,DVD,Door,Door,Door,Door,Freezer,Cabinet,Dishwasher,Door,Door,Door,Door,Door,Oven
13:46:54,13:47:14,13:48:7,13:49:53,13:50:11,13:50:24,13:51:58,13:52:0,13:52:7,13:54:0,13:54:2,13:54:9,13:54:21,13:55:42,13:57:41,13:57:46,13:59:50,14:0:1,14:0:11,14:0:17,14:8:55,14:9:58,14:10:11,14:10:43,14:10:58,14:12:8,14:12:50,14:16:6,14:16:32,14:16:36,14:19:4,14:19:41,14:21:2
13:46:56,13:47:16,13:48:10,13:55:49,13:50:12,13:50:29,13:52:0,13:52:6,13:52:10,13:54:7,13:54:6,13:54:15,13:54:24,13:55:50,13:57:46,14:0:8,13:59:53,14:0:7,14:8:47,14:0:53,14:8:58,14:10:0,14:10:14,14:10:46,14:22:32,14:12:17,14:12:58,14:16:9,14:16:35,14:16:37,14:19:6,14:19:44,14:21:4
Doing laundry,3/29/2003,15:43:11,15:51:18
100,106,106,106,96,141,142,106,106,142,142,142,118,142,142,142,142,142,142,142,118,142,118,142,142,142,142,118,118,90,118,118,118,118,118,118,118,118,118,118,118,118,90,118,118,90,118,118,118,99,99,99,90,99,99,90,99,94,94,94,94,94,141
Toilet Flush,Burner,Burner,Burner,Exhaust Fan,Door,Washing Machine,Burner,Burner,Washing Machine,Washing Machine,Washing Machine,Burner,Washing Machine,Washing Machine,Washing Machine,Washing Machine,Washing Machine,Washing Machine,Washing Machine,Burner,Washing Machine,Burner,Washing Machine,Washing Machine,Washing Machine,Washing Machine,Burner,Burner,Laundry Dryer,Burner,Burner,Burner,Burner,Burner,Burner,Burner,Burner,Burner,Burner,Burner,Burner,Laundry Dryer,Burner,Burner,Laundry Dryer,Burner,Burner,Burner,Burner,Burner,Burner,Laundry Dryer,Burner,Burner,Laundry Dryer,Burner,Burner,Burner,Burner,Burner,Burner,Door
15:43:19,15:43:19,15:43:21,15:43:23,15:44:0,15:44:10,15:44:24,15:44:53,15:45:10,15:45:53,15:46:0,15:46:19,15:46:38,15:46:38,15:46:41,15:46:43,15:46:46,15:47:1,15:47:3,15:47:7,15:47:13,15:47:13,15:47:15,15:47:24,15:47:27,15:47:47,15:47:55,15:48:15,15:48:18,15:48:18,15:48:25,15:48:33,15:48:37,15:48:38,15:48:40,15:48:49,15:49:0,15:49:3,15:49:11,15:49:20,15:49:22,15:49:24,15:49:31,15:49:32,15:49:35,15:49:42,15:49:44,15:49:47,15:49:51,15:50:18,15:50:20,15:50:23,15:50:25,15:50:36,15:50:40,15:50:42,15:50:52,15:51:31,15:51:48,15:51:52,15:52:8,15:52:11,15:52:17
15:43:20,15:43:20,15:43:22,15:43:24,15:57:49,15:52:16,15:44:26,15:44:57,15:45:11,15:45:54,15:46:18,15:46:32,15:46:50,15:46:39,15:46:43,15:46:44,15:46:57,15:47:2,15:47:5,15:47:8,15:47:14,15:47:24,15:47:16,15:47:26,15:47:28,15:47:49,15:48:3,15:48:16,15:48:19,15:48:54,15:48:31,15:48:35,15:48:38,15:48:40,15:48:44,15:48:56,15:49:2,15:49:5,15:49:19,15:49:21,15:49:23,15:49:31,15:49:42,15:49:33,15:49:36,15:50:22,15:49:45,15:49:49,15:49:53,15:50:19,15:50:21,15:50:35,15:50:30,15:50:39,15:50:42,15:50:44,15:50:54,15:51:38,15:51:49,15:51:59,15:52:11,15:52:36,15:52:53
Bathing,3/29/2003,8:54:41,8:56:36
100,67,57
Toilet Flush,Cabinet,Medicine cabinet
8:55:18,8:55:24,8:55:29
9:45:17,8:55:26,9:10:59
Lawnwork,3/29/2003,13:24:16,13:39:45
70,94,54,54,54,54,59,59,72,72,54,54,76,137,59,54,54,54,54,54,54,70,54,54,54,54,54
Dishwasher,Burner,Door,Door,Door,Door,Cabinet,Cabinet,Cabinet,Cabinet,Door,Door,Lamp,Freezer,Cabinet,Door,Door,Door,Door,Door,Door,Dishwasher,Door,Door,Door,Door,Door
13:23:53,13:24:32,13:25:5,13:25:32,13:26:14,13:26:56,13:27:5,13:27:28,13:28:1,13:28:12,13:29:23,13:29:43,13:30:51,13:31:25,13:31:35,13:31:49,13:32:4,13:32:24,13:32:44,13:33:54,13:34:43,13:34:57,13:35:14,13:35:48,13:36:19,13:38:25,13:38:37
13:23:57,13:26:12,13:25:7,13:25:35,13:26:16,13:27:0,13:27:7,13:27:34,13:28:3,13:28:14,13:29:25,13:29:45,18:50:13,13:49:49,13:31:39,13:31:53,13:32:10,13:32:30,13:32:46,13:33:57,13:34:46,13:35:7,13:35:16,13:35:50,13:36:22,13:38:27,13:38:39
Cleaning,3/29/2003,13:15:57,13:23:40
137,91,70,80,70,66,69,70,80,91,63,70,94
Freezer,Refrigerator,Dishwasher,Cabinet,Dishwasher,Cabinet,Drawer,Dishwasher,Cabinet,Refrigerator,Cabinet,Dishwasher,Burner
13:17:13,13:17:13,13:17:57,13:18:47,13:19:21,13:19:28,13:19:45,13:21:26,13:21:35,13:21:40,13:22:37,13:23:53,13:24:32
13:22:13,13:17:19,13:18:32,13:18:53,13:19:36,13:19:42,13:19:49,13:21:30,13:21:37,13:22:13,13:22:42,13:23:57,13:26:12
Preparing a beverage,3/29/2003,14:21:33,14:23:55
129,80,137,137,91,84
Oven,Cabinet,Freezer,Freezer,Refrigerator,Drawer
14:21:2,14:22:25,14:22:54,14:23:10,14:23:10,14:23:56
14:21:4,14:22:27,14:23:6,14:23:48,14:23:48,14:23:58
Grooming,3/29/2003,18:32:10,18:38:0
54,54,54,54,58,57,68,57
Door,Door,Door,Door,Medicine cabinet,Medicine cabinet,Sink faucet - hot,Medicine cabinet
18:32:28,18:32:57,18:33:15,18:33:43,18:34:20,18:34:35,18:35:42,18:36:13
18:32:31,18:32:59,18:33:18,18:33:50,18:34:35,18:36:12,18:36:10,18:44:35
Dressing,3/29/2003,9:14:45,9:22:26
82,82,62,75,146
Drawer,Drawer,Drawer,Drawer,Drawer
9:15:4,9:16:50,9:17:27,9:20:59,9:21:17
9:16:48,18:20:23,9:17:28,9:21:16,9:21:27
Grooming,3/29/2003,9:9:51,9:12:48
101,58,68,57,67
Light switch,Medicine cabinet,Sink faucet - hot,Medicine cabinet,Cabinet
9:10:27,9:10:28,9:11:5,9:12:3,9:12:22
9:12:34,9:12:2,9:11:32,9:44:4,9:12:23
Going out for shopping,3/29/2003,9:53:1,9:56:27
91,137,140
Refrigerator,Freezer,Door
9:52:7,9:52:14,9:54:4
9:52:14,11:40:12,9:54:13
Preparing a snack,3/29/2003,9:45:54,9:46:36
68,72,73,51
Sink faucet - hot,Cabinet,Cabinet,Cabinet
9:45:23,9:46:3,9:46:3,9:46:14
9:45:25,9:46:6,9:46:6,9:46:18
Toileting,3/29/2003,9:43:41,9:45:30
58,57,57,68,72,73,51
Medicine cabinet,Medicine cabinet,Medicine cabinet,Sink faucet - hot,Cabinet,Cabinet,Cabinet
9:44:5,9:44:26,9:44:53,9:45:23,9:46:3,9:46:3,9:46:14
9:44:25,9:44:51,11:36:43,9:45:25,9:46:6,9:46:6,9:46:18
Preparing lunch,3/29/2003,14:31:0,15:31:2
54,54,143,143,143,143,143,143,143,143,143,143,140,143,80,143,91,126,144,126,137,91,135,135,61,61,61,61,61,61,61,137,61,137,137,91,137,78,78,135,135,61,135,135,135,135,135,135,135,135,54,54,84,78,125,54,135,135,135,135,78,54,78,78,125,125,137,91,70,55,131,53,131,131,80,131,131,52,63,55,139,139,139,131,131,131,54,139,131,131,54,131,131,131,131,91,137,105,91,131,99,139,70,87,87,87,87,63,51,51,80,83,83,83,83,83,78,78,78,78,78,78,125,125,125,63,125,125,55,125,53,72,72,72,72,72,72,138,84,52,69,52,91,138,138,141,138,138,138,135,78,135,51,87,125,125
Door,Door,Microwave,Microwave,Microwave,Microwave,Microwave,Microwave,Microwave,Microwave,Microwave,Microwave,Door,Microwave,Cabinet,Microwave,Refrigerator,Refrigerator,Refrigerator,Refrigerator,Freezer,Refrigerator,Drawer,Drawer,Cabinet,Cabinet,Cabinet,Cabinet,Cabinet,Cabinet,Cabinet,Freezer,Cabinet,Freezer,Freezer,Refrigerator,Freezer,Drawer,Drawer,Drawer,Drawer,Cabinet,Drawer,Drawer,Drawer,Drawer,Drawer,Drawer,Drawer,Drawer,Door,Door,Drawer,Drawer,Drawer,Door,Drawer,Drawer,Drawer,Drawer,Drawer,Door,Drawer,Drawer,Drawer,Drawer,Freezer,Refrigerator,Dishwasher,Cabinet,Toaster,Cabinet,Toaster,Toaster,Cabinet,Toaster,Toaster,Drawer,Cabinet,Cabinet,Jewelry box,Jewelry box,Jewelry box,Toaster,Toaster,Toaster,Door,Jewelry box,Toaster,Toaster,Door,Toaster,Toaster,Toaster,Toaster,Refrigerator,Freezer,Light switch,Refrigerator,Toaster,Burner,Jewelry box,Dishwasher,Drawer,Drawer,Drawer,Drawer,Cabinet,Cabinet,Cabinet,Cabinet,Cabinet,Cabinet,Cabinet,Cabinet,Cabinet,Drawer,Drawer,Drawer,Drawer,Drawer,Drawer,Drawer,Drawer,Drawer,Cabinet,Drawer,Drawer,Cabinet,Drawer,Cabinet,Cabinet,Cabinet,Cabinet,Cabinet,Cabinet,Cabinet,Cabinet,Drawer,Drawer,Drawer,Drawer,Refrigerator,Cabinet,Cabinet,Door,Cabinet,Cabinet,Cabinet,Drawer,Drawer,Drawer,Cabinet,Drawer,Drawer,Drawer
14:31:52,14:32:9,14:32:37,14:32:54,14:32:56,14:33:15,14:33:19,14:33:31,14:36:4,14:36:44,14:37:16,14:37:21,14:37:26,14:37:58,14:37:58,14:40:15,14:42:11,14:42:31,14:42:37,14:43:15,14:43:57,14:44:44,14:46:19,14:46:35,14:48:10,14:51:17,14:52:35,14:52:50,14:52:55,14:54:17,14:54:33,14:54:49,14:54:53,14:54:54,14:55:1,14:55:6,14:55:39,14:55:56,14:55:59,14:57:5,14:57:8,14:57:10,14:57:32,14:57:36,14:57:38,14:57:40,14:58:37,14:58:48,14:58:50,15:1:18,15:1:24,15:2:0,15:2:23,15:4:11,15:4:15,15:5:24,15:5:28,15:5:31,15:6:2,15:6:5,15:6:15,15:6:17,15:6:18,15:6:22,15:6:35,15:6:40,15:9:13,15:9:20,15:10:1,15:10:26,15:10:30,15:10:30,15:10:35,15:10:43,15:10:47,15:11:16,15:11:19,15:11:20,15:11:56,15:12:14,15:12:44,15:12:46,15:12:54,15:12:57,15:13:2,15:13:29,15:13:29,15:13:30,15:13:35,15:13:38,15:13:42,15:13:48,15:13:50,15:13:52,15:14:17,15:14:22,15:14:26,15:14:52,15:14:52,15:14:58,15:15:54,15:17:20,15:17:59,15:18:8,15:18:15,15:18:22,15:18:30,15:18:38,15:18:43,15:18:48,15:18:56,15:19:3,15:19:10,15:19:13,15:19:16,15:19:19,15:19:32,15:19:35,15:19:37,15:19:40,15:19:43,15:19:46,15:19:54,15:20:0,15:20:4,15:20:5,15:20:8,15:20:10,15:20:10,15:20:15,15:20:24,15:20:40,15:20:48,15:20:55,15:21:31,15:21:33,15:21:36,15:21:50,15:22:46,15:23:32,15:24:25,15:25:4,15:26:0,15:26:39,15:26:42,15:26:45,15:27:22,15:27:25,15:27:32,15:27:56,15:28:18,15:28:41,15:28:59,15:29:9,15:29:22,15:29:59
14:31:55,14:32:12,14:32:53,14:32:55,14:32:57,14:33:17,14:33:20,14:34:19,14:36:28,14:37:10,14:37:18,14:37:26,14:37:41,14:38:0,14:37:59,14:40:16,14:43:57,14:42:32,14:42:38,14:43:37,14:54:47,14:45:6,14:46:27,14:57:0,14:48:18,14:52:25,14:52:47,14:52:53,14:52:56,14:54:30,14:54:34,14:54:50,14:55:10,14:54:55,14:55:37,14:55:8,15:9:11,14:55:58,14:56:1,14:57:7,14:57:9,14:57:13,14:57:34,14:57:37,14:57:39,14:58:32,14:58:43,14:58:50,14:58:56,15:5:27,15:1:31,15:2:3,15:2:26,15:4:21,15:6:33,15:5:27,15:5:30,15:6:1,15:6:4,15:6:7,15:6:17,15:6:19,15:6:20,15:6:23,15:6:38,15:19:52,15:9:34,15:9:34,15:13:13,15:11:24,15:10:31,15:11:23,15:10:41,15:10:44,15:11:9,15:11:18,15:12:55,15:11:22,15:11:58,15:12:27,15:12:45,15:12:48,15:13:29,15:12:58,15:13:3,15:13:34,15:13:31,15:14:20,15:13:37,15:13:45,15:13:45,15:13:49,15:13:51,15:14:16,15:14:19,15:14:25,15:26:11,18:50:56,15:14:55,15:14:59,15:50:17,15:17:40,15:18:6,15:18:14,15:18:17,15:18:24,15:18:33,15:19:58,15:18:46,15:18:50,15:20:1,15:19:9,15:19:11,15:19:14,15:19:17,15:19:27,15:19:34,15:19:36,15:19:38,15:19:41,15:19:44,15:19:48,15:19:55,15:20:1,15:20:7,15:20:7,15:20:9,15:20:12,15:22:22,15:20:16,15:22:26,15:20:47,15:20:50,15:20:57,15:21:32,15:21:34,15:21:46,15:26:38,15:23:30,15:24:24,15:24:59,15:25:6,15:26:11,15:26:41,15:27:21,15:27:23,15:27:24,15:27:31,15:28:20,15:28:2,15:28:40,15:28:53,15:29:8,15:29:12,15:29:50,15:30:18
Toileting,3/29/2003,15:35:40,15:40:14
125,125,78,84,84,84,84,52,96,52,78,52,69,69,69,69,78,78,79,67,78,83,68,125,125,66,59,54,78
Drawer,Drawer,Drawer,Drawer,Drawer,Drawer,Drawer,Drawer,Exhaust Fan,Drawer,Drawer,Drawer,Drawer,Drawer,Drawer,Drawer,Drawer,Drawer,Cabinet,Cabinet,Drawer,Cabinet,Sink faucet - hot,Drawer,Drawer,Cabinet,Cabinet,Door,Drawer
15:34:47,15:34:56,15:35:27,15:35:51,15:36:12,15:36:23,15:36:26,15:36:34,15:36:40,15:36:43,15:36:43,15:36:46,15:36:49,15:36:51,15:36:55,15:37:0,15:37:11,15:37:23,15:37:30,15:37:31,15:37:42,15:37:42,15:37:59,15:38:8,15:38:53,15:39:51,15:39:53,15:41:4,15:41:4
15:34:53,15:38:6,15:35:31,15:36:8,15:36:17,15:36:24,15:36:32,15:36:41,15:43:57,15:36:45,15:36:47,15:36:48,15:36:51,15:36:54,15:36:58,15:37:2,15:37:12,15:37:27,15:37:43,15:37:38,15:41:1,15:41:47,15:38:8,15:38:51,15:56:20,15:40:18,15:40:19,15:41:12,15:41:33
Bathing,3/29/2003,15:54:59,16:19:24
94,94,94,94,72,98,95,138,54,51,83,101,93,78,67,79,96,93,93,93,93,93,93,93,93,101,58,57,67,79,93,93,93,92,93,93,93,93,93,93,93,93,93,93,93,93,93,93,93,93,54,93,93,93,54,93,93,93,93,96,140,140,54,54,137,91,137
Burner,Burner,Burner,Burner,Cabinet,Garbage disposal,Light switch,Cabinet,Door,Cabinet,Cabinet,Light switch,Shower faucet,Drawer,Cabinet,Cabinet,Exhaust Fan,Shower faucet,Shower faucet,Shower faucet,Shower faucet,Shower faucet,Shower faucet,Shower faucet,Shower faucet,Light switch,Medicine cabinet,Medicine cabinet,Cabinet,Cabinet,Shower faucet,Shower faucet,Shower faucet,Light switch,Shower faucet,Shower faucet,Shower faucet,Shower faucet,Shower faucet,Shower faucet,Shower faucet,Shower faucet,Shower faucet,Shower faucet,Shower faucet,Shower faucet,Shower faucet,Shower faucet,Shower faucet,Shower faucet,Door,Shower faucet,Shower faucet,Shower faucet,Door,Shower faucet,Shower faucet,Shower faucet,Shower faucet,Exhaust Fan,Door,Door,Door,Door,Freezer,Refrigerator,Freezer
15:54:1,15:54:4,15:54:9,15:54:11,15:54:20,15:54:50,15:54:55,15:55:4,15:55:9,15:55:24,15:55:39,15:55:51,15:56:9,15:56:16,15:56:51,15:56:53,15:57:50,15:59:52,15:59:53,15:59:55,16:0:1,16:0:3,16:0:5,16:0:7,16:0:9,16:1:2,16:1:24,16:1:44,16:2:1,16:2:3,16:2:49,16:2:58,16:3:0,16:3:54,16:5:5,16:5:12,16:5:17,16:5:24,16:5:32,16:5:35,16:5:37,16:5:38,16:5:45,16:6:58,16:7:2,16:7:7,16:7:11,16:7:13,16:10:11,16:10:30,16:10:41,16:10:47,16:10:50,16:10:52,16:11:18,16:11:21,16:11:26,16:11:30,16:11:34,16:12:1,16:13:43,16:17:13,16:17:39,16:18:43,16:18:54,16:19:13,16:19:30
15:54:3,15:54:8,15:54:10,15:54:12,15:54:38,15:54:51,15:54:56,15:55:23,15:55:10,15:55:37,15:56:1,15:55:53,15:59:51,15:56:18,15:56:55,15:56:54,15:57:52,15:59:53,15:59:54,16:0:0,16:0:3,16:0:4,16:0:6,16:0:8,16:0:10,16:11:59,16:1:46,17:33:48,16:2:9,16:2:7,16:2:57,16:2:59,16:5:4,16:4:11,16:5:11,16:5:16,16:5:23,16:5:31,16:5:34,16:5:36,16:5:38,16:5:39,16:5:47,16:6:59,16:7:3,16:7:8,16:7:12,16:10:10,16:10:12,16:10:42,16:10:43,16:10:48,16:10:51,16:11:7,16:11:21,16:11:23,16:11:27,16:11:31,16:11:35,16:12:2,16:13:50,16:17:16,16:17:42,16:18:46,16:18:59,16:19:30,17:3:32
Toileting,3/29/2003,16:46:17,16:51:0
54,54,100,68
Door,Door,Toilet Flush,Sink faucet - hot
16:47:5,16:47:32,16:48:3,16:48:9
16:47:8,16:47:35,17:13:54,16:48:19
Toileting,3/29/2003,17:12:16,17:16:17
68
Sink faucet - hot
17:14:0
17:14:6
Dressing,3/29/2003,18:19:50,18:30:9
84,100,68,92,62,58,67,67,68,57,86,75,135,91
Drawer,Toilet Flush,Sink faucet - hot,Light switch,Drawer,Medicine cabinet,Cabinet,Cabinet,Sink faucet - hot,Medicine cabinet,Drawer,Drawer,Drawer,Refrigerator
18:19:11,18:19:51,18:19:56,18:20:30,18:21:4,18:23:32,18:23:46,18:24:29,18:24:32,18:25:0,18:28:48,18:29:18,18:30:13,18:30:38
18:19:16,22:16:1,18:20:1,18:48:29,18:21:15,18:24:59,18:23:47,18:24:30,18:24:37,18:34:20,18:28:50,18:29:30,18:30:26,18:30:41
Doing laundry,3/30/2003,10:34:48,10:44:43
141,90,142,90,141,142
Door,Laundry Dryer,Washing Machine,Laundry Dryer,Door,Washing Machine
10:38:46,10:38:48,10:38:49,10:39:12,10:40:13,10:40:14
10:39:46,10:39:11,10:39:43,10:39:17,10:40:17,10:40:16
Preparing lunch,3/30/2003,13:3:45,13:47:31
100,70,129,70,84,53,55,80,59,135,66,137,72,83,83,68,79,137,139,92,129,141,90,142,129,91,54,54,53,137,137,61,73,91,137,91,129,129,54,54,84,70
Toilet Flush,Dishwasher,Oven,Dishwasher,Drawer,Cabinet,Cabinet,Cabinet,Cabinet,Drawer,Cabinet,Freezer,Cabinet,Cabinet,Cabinet,Sink faucet - hot,Cabinet,Freezer,Jewelry box,Light switch,Oven,Door,Laundry Dryer,Washing Machine,Oven,Refrigerator,Door,Door,Cabinet,Freezer,Freezer,Cabinet,Cabinet,Refrigerator,Freezer,Refrigerator,Oven,Oven,Door,Door,Drawer,Dishwasher
13:5:48,13:9:28,13:9:44,13:10:20,13:10:52,13:11:25,13:11:31,13:12:5,13:13:1,13:13:27,13:13:38,13:15:51,13:15:53,13:17:20,13:18:0,13:19:7,13:19:18,13:20:35,13:22:1,13:22:16,13:28:32,13:31:15,13:31:17,13:32:56,13:34:9,13:34:22,13:34:28,13:35:11,13:35:49,13:36:39,13:37:17,13:37:26,13:37:47,13:37:59,13:38:3,13:38:19,13:39:55,13:40:5,13:40:53,13:41:40,13:42:34,13:42:42
13:19:1,13:9:35,13:9:47,13:14:30,13:11:16,13:14:24,13:14:24,13:12:31,13:13:9,13:13:34,13:13:41,13:15:53,13:15:55,13:17:59,13:18:13,13:19:13,13:19:20,13:34:25,13:22:2,23:4:12,13:28:33,13:34:2,13:33:26,13:34:0,13:34:10,13:34:25,13:34:31,13:35:13,13:35:53,13:37:5,13:37:22,13:37:38,13:37:52,13:38:3,13:38:22,13:38:22,13:39:57,13:40:8,13:40:55,13:41:43,13:42:41,14:2:8
Doing laundry,3/30/2003,18:55:32,19:9:41
141,90,84
Door,Laundry Dryer,Drawer
19:3:51,19:3:53,19:4:30
19:4:3,19:3:57,19:4:46
Doing laundry,3/30/2003,7:27:47,7:57:11
57,70,141,142,95,54,54,93,93,79,93,66,59,66,141,142,54,54,54,54,54,54,54,54,54,54,141,142,54,54,54,54,66,70
Medicine cabinet,Dishwasher,Door,Washing Machine,Light switch,Door,Door,Shower faucet,Shower faucet,Cabinet,Shower faucet,Cabinet,Cabinet,Cabinet,Door,Washing Machine,Door,Door,Door,Door,Door,Door,Door,Door,Door,Door,Door,Washing Machine,Door,Door,Door,Door,Cabinet,Dishwasher
7:31:12,7:31:44,7:32:37,7:32:39,7:34:4,7:36:58,7:37:21,7:38:12,7:38:46,7:39:29,7:39:44,7:41:20,7:41:22,7:42:15,7:43:54,7:43:56,7:44:24,7:44:37,7:45:22,7:45:42,7:46:12,7:46:27,7:46:46,7:47:9,7:47:53,7:48:39,7:48:45,7:48:47,7:49:3,7:49:55,7:50:30,7:51:3,7:53:59,7:54:1
8:0:19,7:36:39,7:35:16,7:35:13,22:59:33,7:37:1,7:37:28,7:38:27,7:38:55,7:39:43,7:40:37,7:41:30,7:41:29,7:42:33,7:43:59,7:43:57,7:44:26,7:44:40,7:45:24,7:45:48,7:46:14,7:46:35,7:46:49,7:47:13,7:47:58,7:48:42,7:48:53,7:48:51,7:49:5,7:49:58,7:50:34,7:51:7,7:54:24,7:54:17
Putting away laundry,3/30/2003,7:57:54,8:4:46
75,57,100,146
Drawer,Medicine cabinet,Toilet Flush,Drawer
7:59:33,8:0:51,8:1:55,8:2:59
7:59:58,11:0:36,8:1:56,8:3:2
Toileting,3/30/2003,8:12:21,8:17:20
100,93,68,80,91,66
Toilet Flush,Shower faucet,Sink faucet - hot,Cabinet,Refrigerator,Cabinet
8:14:5,8:14:13,8:14:44,8:15:3,8:15:9,8:15:47
8:44:10,8:14:40,8:14:47,8:15:4,8:15:24,8:15:48
Toileting,3/30/2003,8:41:45,8:45:33
96
Exhaust Fan
8:44:24
10:38:39
Toileting,3/30/2003,10:58:3,11:3:38
87,78,125,100,68,96,57
Drawer,Drawer,Drawer,Toilet Flush,Sink faucet - hot,Exhaust Fan,Medicine cabinet
10:59:19,10:59:23,10:59:26,11:0:19,11:0:27,11:0:36,11:0:38
10:59:21,10:59:26,17:54:21,12:45:21,11:0:31,12:46:42,16:22:42
Doing laundry,3/30/2003,12:44:58,12:45:41
66,141,90,142,88,68,68
Cabinet,Door,Laundry Dryer,Washing Machine,Sink faucet - cold,Sink faucet - hot,Sink faucet - hot
12:44:3,12:44:40,12:44:43,12:45:17,12:45:33,12:45:34,12:46:0
12:44:11,12:45:38,12:44:58,12:45:31,12:45:47,12:45:48,12:46:21
Toileting,3/30/2003,12:45:44,12:46:45
142,88,68,68
Washing Machine,Sink faucet - cold,Sink faucet - hot,Sink faucet - hot
12:45:17,12:45:33,12:45:34,12:46:0
12:45:31,12:45:47,12:45:48,12:46:21
Putting away laundry,3/30/2003,12:47:59,12:51:29
62,75,62,75,86
Drawer,Drawer,Drawer,Drawer,Drawer
12:48:13,12:48:26,12:49:48,12:50:57,12:51:0
12:48:25,12:48:29,12:49:50,12:50:59,12:51:1
Doing laundry,3/30/2003,15:44:13,15:47:2
84,141,90
Drawer,Door,Laundry Dryer
15:44:57,15:45:39,15:45:42
15:45:6,15:45:58,15:45:51
Toileting,3/30/2003,15:50:37,15:54:20
101,100,67,58
Light switch,Toilet Flush,Cabinet,Medicine cabinet
15:51:2,15:52:34,15:52:39,15:52:57
16:24:51,21:10:42,15:52:41,15:53:5
Toileting,3/30/2003,16:21:0,16:26:12
58,68,57,67,130,139
Medicine cabinet,Sink faucet - hot,Medicine cabinet,Cabinet,Door,Jewelry box
16:22:19,16:23:23,16:23:55,16:24:28,16:24:53,16:25:24
16:23:54,16:23:53,22:57:15,16:24:29,21:10:18,16:25:26
Preparing a snack,3/30/2003,21:12:8,21:13:19
72,84
Cabinet,Drawer
21:12:28,21:12:36
21:12:52,21:12:43
Grooming,3/30/2003,22:55:24,23:1:45
58,68,67,68,120,120
Medicine cabinet,Sink faucet - hot,Cabinet,Sink faucet - hot,Light switch,Light switch
22:57:16,22:57:20,22:57:37,22:59:16,23:0:21,23:2:39
22:58:38,22:57:59,22:57:41,22:59:20,23:0:31,23:3:10
Going out to work,3/31/2003,9:55:58,10:18:20
140
Door
10:8:44
10:8:47
Grooming,3/31/2003,12:15:59,12:20:37
75,139,58,57
Drawer,Jewelry box,Medicine cabinet,Medicine cabinet
12:15:12,12:17:46,12:18:26,12:18:48
12:15:26,12:17:50,12:18:48,19:41:37
Toileting,3/31/2003,12:2:2,12:7:14
93,100,67
Shower faucet,Toilet Flush,Cabinet
12:4:8,12:5:27,12:5:29
12:12:0,17:13:53,12:5:32
Toileting,3/31/2003,17:2:19,17:26:6
101,68
Light switch,Sink faucet - hot
17:14:6,17:14:9
17:14:16,17:14:16
Grooming,3/31/2003,19:31:40,19:51:36
100,139,101,58,68,67,88,68,88
Toilet Flush,Jewelry box,Light switch,Medicine cabinet,Sink faucet - hot,Cabinet,Sink faucet - cold,Sink faucet - hot,Sink faucet - cold
19:36:38,19:36:56,19:41:36,19:41:37,19:41:44,19:42:5,19:42:15,19:43:46,19:43:46
19:43:39,19:36:59,19:43:55,19:42:58,19:42:17,19:42:8,19:42:53,19:43:53,19:43:51
Preparing lunch,3/31/2003,16:8:38,16:33:20
137,53,143,140,140,143,84,143,91,80,63,84
Freezer,Cabinet,Microwave,Door,Door,Microwave,Drawer,Microwave,Refrigerator,Cabinet,Cabinet,Drawer
16:15:9,16:16:2,16:16:28,16:17:36,16:18:22,16:19:48,16:19:51,16:24:5,16:25:53,16:26:44,16:26:47,16:29:5
16:15:18,16:16:25,16:16:42,16:17:38,16:18:25,16:20:13,16:19:53,16:24:16,16:26:35,16:26:53,16:26:51,16:29:7
Preparing a beverage,3/31/2003,14:53:4,15:13:41
140,80,91
Door,Cabinet,Refrigerator
14:55:46,15:5:44,15:6:8
14:55:49,15:5:47,15:6:37
Toileting,3/31/2003,7:33:43,7:37:34
68,67,88,58,57
Sink faucet - hot,Cabinet,Sink faucet - cold,Medicine cabinet,Medicine cabinet
7:36:6,7:36:11,7:36:30,7:36:50,7:36:52
7:36:34,7:36:16,7:36:33,7:36:51,9:31:23
Preparing breakfast,3/31/2003,7:40:35,7:47:21
137,72,131,72,84,131,72
Freezer,Cabinet,Toaster,Cabinet,Drawer,Toaster,Cabinet
7:42:48,7:42:49,7:42:57,7:43:12,7:45:13,7:45:27,7:45:40
15:6:37,7:42:50,7:42:59,7:43:14,7:45:15,7:45:28,7:45:42
Doing laundry,3/31/2003,9:18:47,9:24:35
53,80,75,141,90,141,90
Cabinet,Cabinet,Drawer,Door,Laundry Dryer,Door,Laundry Dryer
9:20:1,9:20:35,9:21:59,9:22:19,9:22:22,9:23:44,9:23:47
9:20:27,9:20:40,9:22:5,9:22:50,9:22:47,9:23:59,9:23:57
Bathing,3/31/2003,8:54:17,9:16:9
93,100,68,67,93,101,58,88,68
Shower faucet,Toilet Flush,Sink faucet - hot,Cabinet,Shower faucet,Light switch,Medicine cabinet,Sink faucet - cold,Sink faucet - hot
8:58:16,8:58:54,8:59:10,8:59:12,9:11:6,9:11:39,9:11:39,9:14:44,9:14:46
9:11:5,9:13:45,8:59:12,8:59:15,9:13:49,9:15:0,9:12:6,9:14:55,9:14:56
Grooming,3/31/2003,9:27:44,9:38:56
82,96,75,57,101,58,68,57,88
Drawer,Exhaust Fan,Drawer,Medicine cabinet,Light switch,Medicine cabinet,Sink faucet - hot,Medicine cabinet,Sink faucet - cold
9:28:50,9:29:27,9:30:55,9:32:6,9:32:7,9:34:4,9:34:8,9:34:19,9:34:45
12:14:14,9:32:14,9:31:9,9:34:3,9:32:13,9:35:9,9:34:46,12:18:25,9:35:5
